# Blender 5.0.1
# www.blender.org
o m45a1
v 0.546490 0.468180 -0.090532
v 0.546503 0.414139 -0.073089
v 0.098633 0.405130 0.073069
v 0.546478 0.381058 -0.027004
v 0.546489 0.380936 0.029483
v 0.098635 0.405102 -0.070286
v 0.546490 0.414253 0.075437
v 0.546490 0.468180 0.092959
v 0.546490 0.522107 0.075437
v 0.546490 0.555435 0.029565
v 0.098635 0.454351 0.035330
v 0.546490 0.555435 -0.027137
v 0.098635 0.454351 -0.032903
v 0.546489 0.522164 -0.073115
v 0.190296 0.414253 -0.073010
v 0.190319 0.414226 0.075087
v 0.182002 0.468179 0.092953
v 0.546515 0.397462 0.052465
v 0.139302 0.468180 -0.090532
v 0.139302 0.414253 -0.073010
v 0.139119 0.571719 -0.045263
v 0.139302 0.522030 -0.072869
v 0.546490 0.573228 -0.046244
v -0.655238 0.303588 0.133035
v -0.606912 0.506010 0.133065
v -0.655238 0.303588 -0.130609
v -0.606912 0.506010 -0.130638
v 1.135467 0.304182 0.092175
v 1.135467 0.304196 -0.089745
v -0.638494 0.405117 0.133065
v -0.638494 0.405117 -0.130638
v 1.286661 0.340668 -0.130638
v 1.286664 0.304233 -0.093676
v -0.614506 0.396100 0.046480
v 1.286664 0.304258 0.096033
v 1.286661 0.340668 0.133065
v -0.598101 0.476480 0.046480
v 1.382007 0.339526 -0.094256
v -0.598101 0.476480 -0.044053
v 1.382007 0.339522 0.096748
v -0.614506 0.396100 -0.044053
v 1.654639 0.422940 -0.108566
v 1.654639 0.422940 0.110993
v 1.654639 0.484172 0.105950
v -0.619389 0.337269 -0.044053
v 1.654639 0.484172 -0.103523
v 1.654639 0.385117 -0.100801
v 1.654639 0.341700 -0.082117
v 1.654639 0.341830 0.084169
v -0.619389 0.337269 0.046480
v 1.654639 0.385162 0.103261
v 1.135469 0.304210 0.133065
v 1.135469 0.304210 -0.130638
v 1.523374 0.506024 -0.130638
v 1.487671 0.388270 -0.130638
v 1.482712 0.371915 -0.118405
v 1.530506 0.529548 -0.118405
v 1.466393 0.506024 -0.130638
v 1.430691 0.388270 -0.130638
v 1.425732 0.371914 -0.118405
v 1.473526 0.529548 -0.118405
v 1.393569 0.506024 -0.130638
v 1.400701 0.529548 -0.118405
v 1.353561 0.374068 -0.130638
v 1.347717 0.354795 -0.118405
v 1.238472 0.506024 -0.130638
v 1.245604 0.529548 -0.118405
v 1.180581 0.315088 -0.130638
v 1.180581 0.315088 -0.118405
v 1.302584 0.529548 -0.118405
v 1.295452 0.506024 -0.130638
v 1.242030 0.329828 -0.118405
v 1.242055 0.329912 -0.118489
v 1.242055 0.329912 -0.130638
v 1.564510 0.506024 -0.130638
v 1.528808 0.388270 -0.130638
v 1.523849 0.371914 -0.118405
v 1.571643 0.529548 -0.118405
v 1.286741 0.529548 -0.118405
v 1.279608 0.506024 -0.130638
v 1.224962 0.325790 -0.130638
v 1.224962 0.325790 -0.118405
v 1.352432 0.506024 -0.130638
v 1.359565 0.529548 -0.118405
v 1.305086 0.349867 -0.130638
v 1.300097 0.333411 -0.118405
v 1.507530 0.506024 -0.130638
v 1.471828 0.388270 -0.130638
v 1.466869 0.371914 -0.118405
v 1.514662 0.529548 -0.118405
v 1.343721 0.529548 -0.118405
v 1.336589 0.506024 -0.130638
v 1.282781 0.328555 -0.118405
v 1.286437 0.340614 -0.130577
v 1.286437 0.340614 -0.130638
v 1.450549 0.506024 -0.130638
v 1.414847 0.388270 -0.130638
v 1.409888 0.371914 -0.118405
v 1.457682 0.529548 -0.118405
v 1.409413 0.506024 -0.130638
v 1.416545 0.529548 -0.118405
v 1.372231 0.383389 -0.130638
v 1.366387 0.364116 -0.118405
v 1.382009 0.371912 -0.118405
v 1.359565 0.529548 0.120831
v 1.300097 0.333411 0.120831
v 1.343721 0.529548 0.120831
v 1.336589 0.506024 0.133065
v 1.286437 0.340614 0.133065
v 1.282781 0.328555 0.120831
v 1.286437 0.340614 0.133004
v 1.530506 0.529548 0.120831
v 1.482712 0.371914 0.120831
v 1.564510 0.506024 0.133065
v 1.571643 0.529548 0.120831
v 1.528808 0.388270 0.133065
v 1.523849 0.371914 0.120831
v 1.523374 0.506024 0.133065
v 1.487671 0.388270 0.133065
v 1.473526 0.529548 0.120831
v 1.425732 0.371914 0.120831
v 1.514662 0.529548 0.120831
v 1.466869 0.371914 0.120831
v 1.466393 0.506024 0.133065
v 1.430691 0.388270 0.133065
v 1.457682 0.529548 0.120831
v 1.450549 0.506024 0.133065
v 1.414847 0.388270 0.133065
v 1.409888 0.371914 0.120831
v 1.507530 0.506024 0.133065
v 1.471828 0.388270 0.133065
v 1.416545 0.529548 0.120831
v 1.382009 0.371912 0.120831
v 1.366387 0.364116 0.120831
v 1.409413 0.506024 0.133065
v 1.372231 0.383389 0.133065
v 1.400701 0.529548 0.120831
v 1.393569 0.506024 0.133065
v 1.353561 0.374068 0.133065
v 1.347717 0.354795 0.120831
v 1.352432 0.506024 0.133065
v 1.305086 0.349867 0.133065
v 1.302584 0.529548 0.120831
v 1.242030 0.329828 0.120831
v 1.245604 0.529548 0.120831
v 1.180580 0.315088 0.120831
v 1.295452 0.506024 0.133065
v 1.242055 0.329912 0.133065
v 1.242055 0.329912 0.120916
v 1.286741 0.529548 0.120831
v 1.279608 0.506024 0.133065
v 1.224962 0.325790 0.133065
v 1.224962 0.325790 0.120831
v 1.238472 0.506024 0.133065
v 1.180581 0.315088 0.133065
v -0.112475 0.506024 -0.130638
v -0.173664 0.304210 -0.118405
v -0.173664 0.304210 -0.130638
v -0.105343 0.529548 -0.118405
v -0.242280 0.506024 -0.130638
v -0.303469 0.304210 -0.118405
v -0.303469 0.304210 -0.130638
v -0.235148 0.529548 -0.118405
v -0.397377 0.506024 -0.130638
v -0.458572 0.304977 -0.118432
v -0.458576 0.304766 -0.130665
v -0.390245 0.529548 -0.118405
v -0.340397 0.506024 -0.130638
v -0.401586 0.304210 -0.118405
v -0.401586 0.304210 -0.130638
v -0.333265 0.529548 -0.118405
v -0.071339 0.506024 -0.130638
v -0.132527 0.304210 -0.118405
v -0.132527 0.304210 -0.130638
v -0.064206 0.529548 -0.118405
v -0.356241 0.506024 -0.130638
v -0.417430 0.304186 -0.118405
v -0.417430 0.304210 -0.130638
v -0.349108 0.529548 -0.118405
v -0.283417 0.506024 -0.130638
v -0.344606 0.304210 -0.118405
v -0.344605 0.304210 -0.130638
v -0.276284 0.529548 -0.118405
v -0.185299 0.506024 -0.130638
v -0.246488 0.304210 -0.118405
v -0.246488 0.304210 -0.130638
v -0.178167 0.529548 -0.118405
v -0.299260 0.506024 -0.130638
v -0.360449 0.304210 -0.118405
v -0.360449 0.304210 -0.130638
v -0.292128 0.529548 -0.118405
v -0.128319 0.506024 -0.130638
v -0.189508 0.304210 -0.118405
v -0.189508 0.304210 -0.130638
v -0.121187 0.529548 -0.118405
v -0.014358 0.506024 -0.130638
v -0.075547 0.304210 -0.118405
v -0.075547 0.304210 -0.130638
v -0.007226 0.529548 -0.118405
v -0.055495 0.506024 -0.130638
v -0.116684 0.304210 -0.118405
v -0.116684 0.304210 -0.130638
v -0.048362 0.529548 -0.118405
v -0.169456 0.506024 -0.130638
v -0.230645 0.304210 -0.118405
v -0.230645 0.304210 -0.130638
v -0.162323 0.529548 -0.118405
v -0.226436 0.506024 -0.130638
v -0.287625 0.304210 -0.118405
v -0.287625 0.304210 -0.130638
v -0.219304 0.529548 -0.118405
v -0.303469 0.304210 0.120831
v -0.235148 0.529548 0.120831
v -0.242280 0.506024 0.133065
v -0.303469 0.304210 0.133065
v -0.344606 0.304210 0.120831
v -0.276284 0.529548 0.120831
v -0.287625 0.304210 0.120831
v -0.219304 0.529548 0.120831
v -0.401586 0.304210 0.120831
v -0.333265 0.529548 0.120831
v -0.340397 0.506024 0.133065
v -0.401586 0.304210 0.133065
v -0.417430 0.304186 0.120831
v -0.349108 0.529548 0.120831
v -0.075547 0.304210 0.120831
v -0.283417 0.506024 0.133065
v -0.344605 0.304210 0.133065
v -0.246488 0.304210 0.120831
v -0.178167 0.529548 0.120831
v -0.185299 0.506024 0.133065
v -0.246488 0.304210 0.133065
v -0.048362 0.529548 0.120831
v -0.116684 0.304210 0.120831
v -0.007226 0.529548 0.120831
v -0.014358 0.506024 0.133065
v -0.075547 0.304210 0.133065
v -0.173664 0.304210 0.120831
v -0.105343 0.529548 0.120831
v -0.055495 0.506024 0.133065
v -0.116684 0.304210 0.133065
v -0.132527 0.304210 0.120831
v -0.064206 0.529548 0.120831
v -0.112475 0.506024 0.133065
v -0.173664 0.304210 0.133065
v -0.189508 0.304210 0.120831
v -0.121187 0.529548 0.120831
v -0.128319 0.506024 0.133065
v -0.189508 0.304210 0.133065
v -0.071339 0.506024 0.133065
v -0.132527 0.304210 0.133065
v -0.230645 0.304210 0.120831
v -0.162323 0.529548 0.120831
v -0.169456 0.506024 0.133065
v -0.230645 0.304210 0.133065
v -0.226436 0.506024 0.133065
v -0.287625 0.304210 0.133065
v -0.360449 0.304210 0.120831
v -0.292128 0.529548 0.120831
v -0.299260 0.506024 0.133065
v -0.360449 0.304210 0.133065
v -0.458572 0.304977 0.120858
v -0.390245 0.529548 0.120831
v -0.356241 0.506024 0.133065
v -0.417430 0.304210 0.133065
v -0.458576 0.304766 0.133091
v -0.397377 0.506024 0.133065
v -0.584770 0.558010 0.106035
v -0.570670 0.591709 0.068596
v -0.570669 0.591709 -0.066169
v -0.584770 0.558010 -0.103608
v 1.654639 0.535235 -0.084000
v 1.654639 0.563619 -0.053830
v 1.654639 0.563619 0.056257
v 1.654639 0.535235 0.086426
v 1.654639 0.577564 -0.018109
v 1.654639 0.577564 0.020536
v 1.135469 0.237766 0.084276
v 1.135474 0.264530 0.091015
v 1.135474 0.264490 -0.090388
v 1.135469 0.237770 -0.084243
v 1.654639 0.256725 -0.066517
v 1.654639 0.288206 0.072761
v 1.654639 0.256827 0.066819
v 1.135469 0.202800 0.054414
v 1.135469 0.220796 0.074676
v 1.135469 0.220796 -0.074663
v 1.135469 0.202800 -0.054401
v 1.654639 0.223928 -0.032606
v 1.654639 0.241601 -0.055246
v 1.654639 0.241623 0.055447
v 1.654639 0.223928 0.032794
v 1.135469 0.189284 -0.022381
v 1.135469 0.189284 0.022394
v 1.654639 0.218326 0.013569
v 1.654639 0.218326 -0.013381
v 1.494952 0.608363 0.026243
v 1.577039 0.608363 0.026243
v 1.577039 0.608363 -0.023817
v 1.494952 0.608363 -0.023817
v 1.491228 0.598306 -0.049389
v 1.580763 0.598306 -0.049389
v 1.491228 0.598306 0.051815
v 1.580763 0.598306 0.051815
v 1.491228 0.598306 0.038319
v 1.495782 0.608312 0.020814
v 1.491228 0.598306 -0.035892
v 1.495782 0.608312 -0.018388
v 1.580763 0.598306 0.038319
v 1.576209 0.608312 0.020814
v 1.580763 0.598306 -0.035892
v 1.576209 0.608312 -0.018388
v 1.625879 0.608312 -0.016105
v 1.625879 0.608312 0.018532
v 1.452041 0.687795 0.013697
v 1.448812 0.675763 0.001240
v 1.455284 0.699878 0.001189
v 1.452054 0.687844 -0.011272
v 1.611713 0.696147 -0.016460
v 1.625137 0.681490 -0.016389
v 1.625137 0.681490 0.018816
v 1.611713 0.696147 0.018887
v -0.416927 0.638574 0.055222
v -0.416927 0.638574 -0.052796
v -0.437465 0.558098 0.100168
v -0.410116 0.596962 0.100167
v -0.437465 0.558098 -0.097741
v -0.410116 0.596962 -0.097741
v -0.263733 0.558098 0.100168
v -0.291082 0.596962 0.100167
v -0.263733 0.558098 -0.097741
v -0.291082 0.596962 -0.097741
v -0.410083 0.668124 0.070851
v -0.410083 0.668124 -0.068425
v -0.292877 0.606015 -0.097857
v -0.299579 0.638207 -0.068193
v -0.299579 0.638207 0.070620
v -0.292878 0.606015 0.100283
v -0.535526 0.613649 0.100167
v -0.567185 0.596962 0.070735
v -0.567207 0.596970 -0.068309
v -0.535526 0.613649 -0.097741
v -0.507504 0.667629 0.100052
v -0.527540 0.696988 0.044604
v -0.507520 0.667570 -0.097567
v -0.531770 0.686764 -0.053175
v -0.315656 0.638574 -0.052796
v -0.416927 0.670133 -0.052796
v -0.416927 0.670133 0.055222
v -0.315656 0.638574 0.055222
v -0.436340 0.669704 0.018473
v -0.535644 0.676541 0.044604
v -0.436340 0.669704 -0.016046
v -0.531481 0.686791 -0.031180
v -0.531770 0.686764 0.033607
v -0.527540 0.696988 -0.042178
v -0.535578 0.676514 -0.042178
v -0.531414 0.686764 0.055602
v -0.524830 0.703825 -0.068309
v -0.524830 0.703825 0.018473
v -0.524830 0.703825 0.070735
v -0.538354 0.669704 0.018473
v -0.538332 0.669695 -0.016046
v -0.524830 0.703825 -0.016046
v -0.538354 0.669704 0.070735
v -0.523125 0.683409 -0.042160
v -0.523125 0.683409 0.044622
v -0.606976 0.506037 -0.044053
v -0.606976 0.506037 0.046480
v -0.638494 0.405117 -0.044053
v -0.638494 0.405117 0.046480
v -0.627011 0.308681 0.046450
v -0.627011 0.308681 -0.044024
v -0.655263 0.304960 0.046515
v -0.655263 0.304960 -0.044089
v -0.554551 0.608360 -0.023817
v -0.554551 0.608360 0.026243
v -0.567180 0.600387 -0.044053
v -0.567180 0.600387 0.046479
v -0.557119 0.600408 0.046480
v -0.557119 0.600408 -0.044053
v 1.654639 0.506024 -0.130638
v 1.654639 0.506024 0.133065
v 1.654639 0.388270 -0.130638
v 1.654639 0.339530 -0.094120
v 1.654639 0.388270 0.133065
v 1.654638 0.339533 0.096495
v 1.654639 0.558001 -0.103608
v 1.654639 0.591707 -0.066169
v 1.654639 0.591707 0.068596
v 1.654639 0.558001 0.106035
v 1.654639 0.608363 -0.023817
v 1.654639 0.608363 0.026243
v 1.654639 0.237735 -0.084374
v 1.654635 0.264474 -0.092292
v 1.654637 0.264437 0.092668
v 1.654639 0.237738 0.084372
v 1.654639 0.202800 -0.054401
v 1.654639 0.220796 -0.074663
v 1.654639 0.220796 0.074676
v 1.654639 0.202800 0.054414
v 1.654639 0.189284 0.022394
v 1.654639 0.189284 -0.022381
v 1.680073 0.422940 -0.108566
v 1.680073 0.484172 -0.103523
v 1.680073 0.422940 0.110993
v 1.680073 0.484172 0.105950
v 1.680073 0.385117 -0.100801
v 1.680073 0.385162 0.103261
v 1.680073 0.535235 -0.084000
v 1.680073 0.563619 -0.053830
v 1.680073 0.563619 0.056257
v 1.680073 0.535235 0.086426
v 1.680073 0.577564 -0.018109
v 1.680073 0.577564 0.020536
v 1.680073 0.256729 -0.066498
v 1.680073 0.256830 0.066801
v 1.680073 0.223928 -0.032606
v 1.680073 0.241601 -0.055246
v 1.680073 0.241623 0.055447
v 1.680073 0.223928 0.032794
v 1.680073 0.218326 0.013569
v 1.680073 0.218326 -0.013381
v 1.680073 0.355433 -0.088029
v 1.673739 0.347074 -0.084433
v 1.673739 0.336324 -0.081081
v 1.680073 0.327959 -0.079492
v 1.680073 0.328085 0.081262
v 1.673739 0.336453 0.083023
v 1.673739 0.347208 0.086541
v 1.680073 0.355573 0.090226
v 1.664444 0.442592 -0.094283
v 1.696276 0.486094 -0.065641
v 1.664444 0.391347 -0.061004
v 1.696276 0.443376 -0.063403
v 1.664444 0.369450 -0.003961
v 1.696276 0.410133 -0.036483
v 1.664444 0.385264 0.055060
v 1.696276 0.399061 0.004836
v 1.664444 0.432750 0.093513
v 1.696276 0.414391 0.044771
v 1.664444 0.493768 0.096711
v 1.696276 0.450266 0.068069
v 1.664444 0.545013 0.063432
v 1.696276 0.492984 0.065830
v 1.664444 0.566910 0.006388
v 1.696276 0.526227 0.038910
v 1.664444 0.551096 -0.052632
v 1.696276 0.537299 -0.002409
v 1.664444 0.503610 -0.091085
v 1.696276 0.521969 -0.042344
v 1.696276 0.412398 -0.075564
v 1.696276 0.468180 -0.093689
v 1.696276 0.377923 -0.028113
v 1.696276 0.377923 0.030540
v 1.696276 0.412398 0.077991
v 1.696276 0.468180 0.096116
v 1.696276 0.523962 0.077991
v 1.696276 0.558438 0.030540
v 1.696276 0.558438 -0.028113
v 1.696276 0.523962 -0.075564
v 0.125029 0.424174 -0.052414
v 0.125015 0.464182 -0.067866
v 0.125003 0.401306 -0.016302
v 0.124997 0.403815 0.026368
v 0.125015 0.430808 0.059581
v 0.125015 0.472184 0.070329
v 0.125015 0.512034 0.054781
v 0.125015 0.535135 0.018779
v 0.125015 0.532662 -0.023926
v 0.125015 0.505561 -0.057021
v 1.680073 0.468180 -0.090532
v 1.680073 0.522107 -0.073010
v 1.680073 0.522107 0.075437
v 1.680073 0.555435 -0.027137
v 1.680073 0.468180 0.092959
v 1.680073 0.555435 0.029565
v 1.680073 0.380925 0.029565
v 1.680073 0.380925 -0.027137
v 1.680073 0.414253 0.075437
v 1.680073 0.414253 -0.073010
v 0.546490 0.598510 -0.048894
v 0.546490 0.481211 0.133065
v 0.181997 0.481211 0.133065
v 0.546490 0.506024 0.133065
v 0.546490 0.558001 0.106035
v 0.546490 0.608363 0.026243
v 0.546490 0.608363 -0.023817
v 0.546490 0.591707 0.068596
v 0.137749 0.598756 -0.048231
v 0.183341 0.593029 0.065155
v 0.182246 0.591708 0.068602
v 0.137013 0.593303 0.064558
v 0.182023 0.558001 0.106035
v 0.181997 0.506024 0.133065
v 0.136962 0.608362 0.026242
v 0.137236 0.608366 -0.023814
v 0.546490 0.321456 -0.073010
v 0.546490 0.321456 0.075437
v 0.125663 0.475468 -0.112556
v 0.545138 0.475468 -0.080806
v 0.125663 0.408596 -0.090828
v 0.545138 0.427258 -0.065141
v 0.125663 0.367266 -0.033943
v 0.545138 0.397463 -0.024132
v 0.125663 0.367266 0.036371
v 0.545138 0.397463 0.026559
v 0.125663 0.408596 0.093256
v 0.545138 0.427258 0.067569
v 0.125663 0.475468 0.114984
v 0.545138 0.475468 0.083233
v 0.125663 0.542341 0.093256
v 0.545138 0.523678 0.067569
v 0.125663 0.583670 0.036371
v 0.545138 0.553473 0.026559
v 0.125663 0.583670 -0.033943
v 0.545138 0.553473 -0.024132
v 0.125663 0.542341 -0.090828
v 0.545138 0.523678 -0.065141
v 0.517660 0.321456 0.075437
v 0.139531 0.418066 0.062838
v 0.139302 0.454351 -0.032903
v 0.139429 0.454353 0.035332
v 0.189582 0.417740 0.063243
v 0.069176 0.304182 0.083102
v 0.069174 0.304210 -0.081032
v 0.517085 0.304239 0.083815
v 0.517087 0.304210 -0.081032
v 0.517660 0.321456 -0.073010
v 1.140867 0.310279 0.123098
v 1.140867 0.310279 -0.120671
v 0.444479 0.058747 -0.072433
v 0.444479 0.058747 0.074859
v 0.444479 0.148421 0.123098
v 0.444425 0.148367 -0.120497
v 0.409327 0.103421 -0.072433
v 0.409327 0.103421 0.074859
v 0.404792 0.172543 0.123098
v 0.404792 0.310279 0.123098
v 0.404792 0.310279 -0.120671
v 0.404792 0.172543 -0.120671
v -0.637775 0.257602 -0.044053
v 0.374324 0.132499 -0.072433
v 0.374324 0.132499 0.074859
v -0.637775 0.257602 0.046480
v 0.374324 0.161849 0.110716
v 0.374324 0.310279 0.110716
v 0.374324 0.310279 -0.108289
v -0.656573 0.209251 -0.044053
v 0.374324 0.161849 -0.108289
v -0.672129 0.188475 -0.044053
v 0.218997 0.132499 -0.072433
v -0.672129 0.188475 0.046480
v -0.656573 0.209251 0.046480
v 0.218997 0.132499 0.074859
v -0.782188 0.186906 -0.044053
v 0.218997 0.161849 0.110716
v 0.218997 0.161849 -0.108289
v -0.782188 0.186906 0.046480
v 0.168827 0.133889 -0.093294
v 0.168827 0.133889 0.095721
v 0.071070 0.081685 -0.097520
v 0.093632 0.064731 -0.073421
v 0.093632 0.064731 0.075848
v -0.000750 0.049864 0.110677
v -0.000750 0.049864 -0.108251
v 0.074255 0.026017 -0.073561
v 0.051975 0.036612 -0.097391
v 0.051975 0.036612 0.099817
v 0.074255 0.026017 0.075988
v -0.015263 -0.019855 0.110920
v -0.015263 -0.019855 -0.108494
v 0.059844 -0.019881 -0.073673
v 0.037200 -0.019788 -0.097020
v 0.037200 -0.019788 0.099446
v 0.059844 -0.019881 0.076100
v -0.032872 -0.080776 0.111027
v -0.032872 -0.080776 -0.108600
v 0.075273 -0.084489 -0.073686
v 0.026227 -0.084326 -0.109105
v 0.026227 -0.084326 0.111532
v 0.075273 -0.084489 0.076112
v 0.074499 -0.133033 -0.073509
v 0.022048 -0.137918 -0.109482
v 0.022048 -0.137918 0.111909
v 0.074499 -0.133033 0.075936
v -0.001007 -0.168500 -0.109736
v -0.001007 -0.168500 0.112162
v -0.087773 -0.211958 0.111689
v -0.087773 -0.211958 -0.109262
v -0.644314 0.310289 0.110715
v -0.699191 0.226334 0.110715
v -0.226151 -0.382180 0.110800
v -0.699191 0.226334 -0.108289
v -0.413504 -0.969721 -0.094069
v -0.413504 -0.969721 0.096496
v 0.039159 -0.187035 -0.050180
v 0.020866 -0.178575 -0.089722
v 0.051891 -0.167520 -0.073466
v 0.020866 -0.178575 0.092149
v 0.039159 -0.187035 0.052607
v 0.051891 -0.167520 0.075893
v -0.058463 -0.231375 -0.050250
v -0.072515 -0.222045 -0.090837
v -0.072515 -0.222045 0.093264
v -0.058463 -0.231375 0.052677
v -0.113608 -0.382184 0.052645
v -0.136408 -0.382180 0.086052
v -0.113608 -0.382184 -0.050218
v -0.136408 -0.382180 -0.083625
v -0.413508 -0.977259 0.074462
v -0.413507 -0.977218 -0.072035
v -0.413498 -0.978324 -0.045870
v -0.166846 -0.382179 -0.097046
v -0.226151 -0.382180 -0.108373
v -0.134951 -0.286960 -0.109303
v -0.166846 -0.382179 0.099473
v -0.134951 -0.286960 0.111730
v -0.413507 -0.974860 0.086026
v -0.413507 -0.974860 -0.083599
v -0.644314 0.310289 -0.108289
v 0.016707 0.079537 -0.108047
v -0.781417 0.199213 0.110716
v -0.781417 0.199213 -0.108289
v -0.629876 0.051023 0.110737
v -0.655586 0.054540 0.088105
v -0.627218 0.000381 0.088127
v -0.601729 -0.003741 0.110764
v -0.629876 0.051023 -0.108311
v -0.655586 0.054540 -0.085678
v -0.585970 -0.056302 -0.108354
v -0.610893 -0.052288 -0.085705
v -0.627218 0.000381 -0.085700
v -0.601729 -0.003741 -0.108338
v -0.585970 -0.056302 0.110781
v -0.610893 -0.052288 0.088132
v -0.617709 -0.114207 0.088142
v -0.592949 -0.117323 0.110555
v -0.650658 -0.211798 -0.085814
v -0.617709 -0.114207 -0.085715
v -0.592950 -0.117323 -0.108128
v -0.705337 -0.326765 -0.085700
v -0.705337 -0.326765 0.088127
v -0.650658 -0.211798 0.088241
v -0.807431 -0.925290 0.096477
v -0.807431 -0.925290 -0.094050
v -0.770218 0.149399 -0.108289
v -0.813887 0.110878 -0.069733
v -0.790138 0.174766 -0.108289
v -0.813887 0.110878 0.072159
v -0.770218 0.149399 0.110716
v -0.790138 0.174766 0.110716
v -0.956507 -0.898013 -0.051416
v -0.939241 -0.904122 -0.085700
v -0.731644 -0.317456 -0.085700
v -0.748909 -0.311346 -0.051416
v -0.748909 -0.311346 0.053842
v -0.731644 -0.317456 0.088127
v -0.939241 -0.904122 0.088127
v -0.956507 -0.898013 0.053842
v -0.661008 0.263542 0.046479
v -0.644260 0.310269 0.046480
v -0.644260 0.310269 -0.044053
v -0.661008 0.263542 -0.044053
v -0.699225 0.226369 0.046480
v -0.699225 0.226369 -0.044053
v -0.625618 0.310279 0.046480
v -0.625618 0.310279 -0.044053
v -0.781432 0.199218 0.046480
v 0.554844 0.215112 -0.120573
v -0.781432 0.199218 -0.044053
v 0.444479 0.229350 0.123098
v 1.140867 0.213371 -0.120737
v 0.554844 0.215112 0.122999
v 1.140867 0.213371 0.123163
v 0.444479 0.229350 -0.120671
v -0.661818 0.262300 -0.108289
v -0.661818 0.262300 0.110716
v 0.554843 0.058747 -0.068056
v 0.554843 0.058747 0.070483
v 0.467086 0.029611 -0.072433
v 0.467086 0.029611 0.074859
v 0.483042 -0.012204 -0.072433
v 0.483042 -0.012204 0.074859
v 0.475378 -0.061242 -0.072433
v 0.475378 -0.061242 0.074859
v 0.460468 -0.106272 -0.072433
v 0.460468 -0.106272 0.074859
v 0.428233 -0.141069 -0.072433
v 0.428233 -0.141069 0.074859
v 0.382850 -0.162028 -0.072433
v 0.382850 -0.162028 0.074859
v 0.349796 -0.170931 -0.072433
v 0.349796 -0.170931 0.074859
v 0.204611 -0.170930 -0.072293
v 0.204611 -0.170930 0.074720
v 0.120108 -0.145526 -0.072582
v 0.120108 -0.145526 0.075009
v 0.516234 0.029611 0.074863
v 0.528738 0.029612 0.061849
v 0.528738 0.029612 -0.059423
v 0.516234 0.029611 -0.072436
v 0.499604 -0.068173 0.074862
v 0.511470 -0.071567 0.061849
v 0.511470 -0.071566 -0.059422
v 0.499604 -0.068173 -0.072436
v 0.479209 -0.122256 0.074860
v 0.489036 -0.130629 0.061851
v 0.489036 -0.130629 -0.059424
v 0.479209 -0.122256 -0.072434
v 0.438422 -0.162870 0.074859
v 0.444135 -0.175079 0.061852
v 0.444135 -0.175079 -0.059426
v 0.438422 -0.162870 -0.072432
v 0.385608 -0.183383 0.074856
v 0.387365 -0.196951 0.061854
v 0.387365 -0.196951 -0.059428
v 0.385608 -0.183383 -0.072430
v 0.349796 -0.201305 0.061852
v 0.349796 -0.201305 -0.059425
v 0.110604 -0.200851 0.061803
v 0.112920 -0.187399 0.074997
v 0.080644 -0.183800 0.075412
v 0.075054 -0.194104 0.063867
v 0.112920 -0.187399 -0.072571
v 0.110604 -0.200851 -0.059377
v 0.075054 -0.194104 -0.061441
v 0.080644 -0.183800 -0.072986
v 0.554843 0.136814 0.092455
v 0.554843 0.185351 0.092553
v 0.517052 0.147903 0.119141
v 0.554843 0.185351 -0.090126
v 0.554810 0.137015 -0.090248
v 0.530739 0.158403 -0.090202
v 0.554843 0.064495 0.090679
v 0.554843 0.097014 0.120583
v 0.497820 0.114033 0.121420
v 0.554848 0.097370 -0.118661
v 0.554843 0.064495 -0.088252
v 0.497863 0.108213 -0.114366
v 1.140867 0.093863 0.120583
v 1.140865 0.093680 -0.117897
v 1.123097 0.061440 0.090679
v 1.140867 0.079115 0.107020
v 1.140867 0.079115 -0.104594
v 1.123097 0.061440 -0.088252
v -0.027969 -0.061376 0.130967
v -0.027969 -0.061376 -0.149037
v 0.002023 -0.085689 0.130967
v 0.002023 -0.085689 -0.149037
v 0.006038 -0.124089 0.130967
v 0.006038 -0.124089 -0.149037
v -0.018275 -0.154081 0.130967
v -0.018275 -0.154081 -0.149037
v -0.056675 -0.158096 0.130967
v -0.056675 -0.158096 -0.149037
v -0.086667 -0.133783 0.130967
v -0.086667 -0.133783 -0.149037
v -0.090682 -0.095383 -0.149037
v -0.066369 -0.065391 0.130967
v -0.066369 -0.065391 -0.149037
v -0.086667 -0.133783 -0.009035
v -0.090682 -0.095383 -0.009035
v -0.066369 -0.065391 -0.009035
v -0.142732 -0.117143 -0.009035
v -0.142732 -0.117143 0.130967
v -0.146747 -0.078743 0.130967
v -0.146747 -0.078743 -0.009035
v -0.122434 -0.048751 0.130967
v -0.122434 -0.048751 -0.009035
v 0.054979 -0.166382 0.047949
v 0.054979 0.135300 0.047949
v 0.054979 -0.166382 -0.045523
v 0.054979 0.135300 -0.045523
v 0.260022 -0.166382 0.001213
v 0.260022 0.135300 0.001213
v 0.229245 -0.123285 0.001213
v 0.209863 -0.080187 0.001213
v 0.201648 -0.037090 0.001213
v 0.201648 0.006008 0.001213
v 0.209863 0.049105 0.001213
v 0.229245 0.092202 0.001213
v 0.246948 -0.166383 0.034184
v 0.225452 -0.166380 0.047953
v 0.225452 0.135298 0.047953
v 0.246948 0.135301 0.034184
v 0.225452 -0.166380 -0.045526
v 0.246948 -0.166383 -0.031757
v 0.246948 0.135301 -0.031757
v 0.225452 0.135298 -0.045526
v 0.216171 0.092202 -0.031766
v 0.194753 0.092202 -0.045525
v 0.196783 0.049105 -0.031779
v 0.175496 0.049106 -0.045521
v 0.188564 0.006008 -0.031788
v 0.167362 0.006008 -0.045520
v 0.188564 -0.037090 -0.031788
v 0.167362 -0.037090 -0.045520
v 0.196783 -0.080187 -0.031779
v 0.175496 -0.080189 -0.045521
v 0.194753 -0.123284 -0.045525
v 0.216171 -0.123285 -0.031766
v 0.194753 0.092202 0.047952
v 0.216171 0.092202 0.034192
v 0.175496 0.049106 0.047947
v 0.196783 0.049105 0.034205
v 0.167362 0.006008 0.047947
v 0.188564 0.006008 0.034215
v 0.167362 -0.037090 0.047947
v 0.188564 -0.037090 0.034215
v 0.175496 -0.080189 0.047947
v 0.196783 -0.080187 0.034205
v 0.216171 -0.123285 0.034192
v 0.194753 -0.123284 0.047952
v 0.117727 0.137626 0.108453
v 0.145633 0.145654 0.104693
v 0.145602 0.154641 0.110716
v 0.116903 0.146910 0.110716
v 0.145633 0.145654 -0.102266
v 0.117727 0.137626 -0.106027
v 0.116903 0.146910 -0.108289
v 0.145602 0.154641 -0.108289
v 0.118535 0.094887 -0.073441
v 0.145715 0.118963 -0.081447
v 0.130608 0.109392 -0.058486
v 0.145715 0.118963 0.083873
v 0.118535 0.094887 0.075868
v 0.130608 0.109392 0.060913
v 0.079739 0.129937 0.110716
v -0.015661 0.111768 0.110607
v 0.016707 0.079537 0.110473
v 0.071070 0.081685 0.099947
v 0.079739 0.129937 -0.108289
v -0.015661 0.111768 -0.108180
v -0.298945 -0.980079 0.052628
v -0.321157 -0.978444 0.085817
v -0.321160 -0.978630 -0.083388
v -0.298948 -0.980230 -0.050203
v -0.410602 -0.969908 0.110759
v -0.352482 -0.975325 0.099713
v -0.410602 -0.969908 -0.108333
v -0.352482 -0.975325 -0.097286
v -0.912854 -0.913461 -0.085615
v -0.888762 -0.916113 -0.108376
v -0.888762 -0.916113 0.110803
v -0.912854 -0.913461 0.088041
v -0.042497 0.048799 0.096496
v -0.042497 0.048799 -0.094069
v -0.434026 0.363370 -0.094050
v -0.141821 0.048799 0.096496
v -0.011659 0.363370 0.096496
v -0.434026 0.363370 0.096477
v -0.011659 0.363370 -0.094069
v -0.710138 0.186535 0.019602
v -0.710138 0.186535 -0.017176
v -0.675258 0.174872 0.019602
v -0.663595 0.209752 0.019602
v -0.675258 0.174872 -0.017176
v -0.663595 0.209752 -0.017176
v -0.691483 0.219077 0.019602
v -0.700812 0.214423 0.019602
v -0.700812 0.214423 -0.017176
v -0.691483 0.219077 -0.017176
v -0.596818 -0.356732 0.095489
v -0.596817 -0.356732 -0.093063
v -0.538608 -0.175078 -0.093063
v -0.538608 -0.175078 0.095489
v -0.512502 -0.052696 -0.093063
v -0.512502 -0.052696 0.095489
v -0.641480 0.202028 -0.093063
v -0.641480 0.202028 0.095489
v -0.748104 0.072805 0.046749
v -0.748104 0.072805 -0.044325
v -0.720437 0.199416 -0.044272
v -0.720437 0.199416 0.046699
v -0.823832 0.096296 -0.044272
v -0.774064 0.198614 -0.044071
v -0.774045 0.198684 0.046505
v -0.782210 0.200277 -0.092614
v -0.782248 0.200139 0.095037
v -0.974755 0.237195 0.022888
v -0.974752 0.237195 -0.020459
v -0.957526 0.246655 -0.043525
v -0.957523 0.246655 0.045949
v -0.809395 0.191792 -0.044053
v -0.809395 0.191792 0.046480
v -0.848015 0.176317 -0.044053
v -0.872456 0.175884 -0.044053
v -0.814443 0.121310 0.046685
v -0.823812 0.096289 0.046712
v -0.872456 0.175884 0.046480
v -0.848015 0.176317 0.046480
v -0.823814 0.096253 -0.063796
v -0.802898 0.154213 -0.092565
v -0.823878 0.096279 0.066217
v -0.894921 0.183974 -0.044053
v -0.802807 0.154314 0.094995
v -0.912709 0.200276 -0.044053
v -0.907224 0.216574 -0.044053
v -0.912709 0.200276 0.046480
v -0.894921 0.183974 0.046480
v -0.898841 0.211414 0.046480
v -0.856373 0.164507 -0.092757
v -0.865754 0.103029 -0.063633
v -0.923387 0.141863 -0.061918
v -0.884143 0.172913 -0.092221
v -0.883953 0.172925 0.094651
v -0.923387 0.141863 0.064345
v -0.865754 0.103028 0.066060
v -0.856469 0.164631 0.095182
v -0.872999 0.208668 -0.091185
v -0.912393 0.219654 -0.079435
v -0.912394 0.219655 0.081861
v -0.872987 0.208766 0.093606
v -0.936160 0.204474 -0.079297
v -0.911023 0.184098 -0.090767
v -0.959364 0.188847 -0.051181
v -0.942721 0.161989 -0.060874
v -0.955265 0.175048 -0.042987
v -0.942721 0.161989 0.063301
v -0.959360 0.188843 0.053606
v -0.955265 0.175048 0.045414
v -0.910946 0.184146 0.093194
v -0.936111 0.204509 0.081726
v -0.741100 -0.310336 0.095501
v -0.779183 -0.296948 0.059482
v -0.779183 -0.296948 -0.057056
v -0.741100 -0.310336 -0.093075
v -0.675583 0.007996 0.059494
v -0.663325 0.077741 0.095489
v -0.705942 0.049897 0.059622
v -0.663325 0.077741 -0.093063
v -0.675583 0.007996 -0.057067
v -0.705942 0.049897 -0.057195
v -0.681839 -0.195782 0.095456
v -0.703664 -0.179368 0.059494
v -0.702682 -0.224040 0.095472
v -0.702682 -0.224040 -0.093045
v -0.703664 -0.179368 -0.057067
v -0.681839 -0.195782 -0.093030
v -0.627741 -0.133938 0.095481
v -0.662210 -0.118022 0.059500
v -0.683438 -0.155687 0.059479
v -0.642764 -0.161107 0.095526
v -0.642764 -0.161107 -0.093100
v -0.683438 -0.155687 -0.057052
v -0.662210 -0.118022 -0.057073
v -0.627741 -0.133938 -0.093054
v -0.620062 -0.040675 0.095485
v -0.659403 -0.036280 0.059497
v -0.655535 -0.080366 0.059496
v -0.617158 -0.072945 0.095486
v -0.617158 -0.072945 -0.093059
v -0.655535 -0.080366 -0.057070
v -0.659403 -0.036280 -0.057070
v -0.620062 -0.040675 -0.093059
v -0.735299 -0.198923 0.041397
v -0.742709 -0.215433 0.059508
v -0.724540 -0.207202 0.071449
v -0.719879 -0.189437 0.059461
v -0.742709 -0.215433 -0.057081
v -0.735299 -0.198923 -0.038971
v -0.719879 -0.189437 -0.057034
v -0.724540 -0.207202 -0.069022
v -0.925192 0.227296 -0.044053
v -0.925192 0.227296 0.046480
v -0.845663 -0.840484 -0.111914
v -0.414853 -0.969752 -0.111698
v -0.479997 -0.960361 -0.159551
v -0.629586 -0.941762 -0.180642
v -0.710607 -0.931092 -0.170758
v -0.787135 -0.871661 -0.159260
v -0.853175 -0.838203 -0.101297
v -0.416595 0.233428 -0.101297
v -0.414808 -0.969787 -0.101296
v -0.052952 0.164400 -0.101297
v -0.103718 0.213594 -0.101178
v -0.162066 0.230493 -0.101332
v -0.222664 0.241787 -0.101362
v -0.285434 0.249171 -0.101293
v -0.345842 0.251410 -0.101301
v -0.787244 -0.871621 -0.101297
v -0.710625 -0.931277 -0.101298
v -0.845663 -0.840484 0.114341
v -0.414853 -0.969752 0.114125
v -0.479997 -0.960361 0.161978
v -0.629586 -0.941762 0.183069
v -0.710607 -0.931092 0.173184
v -0.787135 -0.871661 0.161687
v -0.853175 -0.838203 0.103723
v -0.416595 0.233428 0.103723
v -0.414808 -0.969787 0.103723
v -0.052952 0.164400 0.103723
v -0.103718 0.213594 0.103605
v -0.162066 0.230493 0.103759
v -0.222664 0.241787 0.103789
v -0.285434 0.249171 0.103719
v -0.345842 0.251410 0.103727
v -0.787244 -0.871621 0.103723
v -0.710625 -0.931277 0.103724
v -0.692160 0.220827 0.019730
v -0.692160 0.220827 -0.017304
v -0.643967 0.202360 0.019730
v -0.643967 0.202360 -0.017304
v -0.652287 0.409799 0.047481
v -0.652287 0.409799 -0.045054
v -0.667918 0.415261 0.047481
v -0.667918 0.415261 -0.045054
v -0.724298 0.451198 0.047481
v -0.724298 0.451198 -0.045054
v -0.732326 0.466938 0.047481
v -0.732326 0.466938 -0.045054
v -0.732751 0.484601 0.047481
v -0.732751 0.484601 -0.045054
v -0.725490 0.500709 0.047481
v -0.725490 0.500709 -0.045054
v -0.711973 0.512088 0.047481
v -0.711973 0.512088 -0.045054
v -0.694862 0.516496 0.047481
v -0.694862 0.516496 -0.045054
v -0.677530 0.513065 0.047481
v -0.677530 0.513065 -0.045054
v -0.643192 0.492987 0.047481
v -0.643192 0.492987 -0.045054
v -0.637950 0.414391 0.047481
v -0.637950 0.414391 -0.045054
v -0.591903 0.424324 -0.045054
v -0.634025 0.432611 0.047481
v -0.634025 0.432611 -0.045054
v -0.627090 0.452039 0.047481
v -0.627090 0.452039 -0.045054
v -0.584819 0.461130 0.047481
v -0.627032 0.470912 0.047481
v -0.627032 0.470912 -0.045054
v -0.632254 0.485128 0.047481
v -0.632254 0.485128 -0.045054
v -0.570278 0.536817 -0.045054
v -0.570278 0.536817 0.047481
v -0.635924 0.199280 -0.045054
v -0.635936 0.199282 0.047481
v -0.648099 0.167526 -0.045054
v -0.712364 0.192151 -0.045054
v -0.712364 0.192151 0.047481
v -0.648099 0.167526 0.047481
v -0.656135 0.170605 -0.017304
v -0.704328 0.189072 -0.017304
v -0.704328 0.189072 0.019730
v -0.656135 0.170605 0.019730
v -0.799559 -0.938333 0.096728
v -0.799559 -0.938333 -0.094302
v -0.389309 0.403076 0.070223
v -0.389309 0.403076 -0.067797
v -0.167494 0.420382 -0.067797
v -0.068088 0.371316 -0.067797
v -0.068088 0.371316 0.070223
v -0.035956 0.321832 0.070223
v -0.035956 0.321832 -0.067797
v -0.801293 -0.952038 -0.094302
v -0.801293 -0.952038 0.096728
v -0.379107 -1.002367 -0.094302
v -0.379107 -1.002367 0.096728
v -0.377470 -0.988634 0.096728
v -0.304090 -0.997382 0.016249
v -0.340780 -0.993008 0.085946
v -0.313921 -0.996210 0.056488
v -0.304090 -0.997382 -0.013823
v -0.377470 -0.988634 -0.094302
v -0.313921 -0.996210 -0.054062
v -0.340780 -0.993008 -0.083519
v -0.305727 -1.011115 0.016249
v -0.315558 -1.009943 0.056488
v -0.342417 -1.006741 0.085946
v -0.305727 -1.011115 -0.013823
v -0.342417 -1.006741 -0.083519
v -0.315558 -1.009943 -0.054062
v -0.377470 -0.988634 0.059120
v -0.415356 -0.984118 0.096728
v -0.415356 -0.984118 -0.094302
v -0.377470 -0.988634 -0.056694
v -0.036890 0.254755 0.096679
v -0.024309 0.241972 0.048142
v -0.027583 0.263816 0.070191
v -0.024309 0.241972 -0.045715
v -0.036890 0.254755 -0.094253
v -0.027583 0.263816 -0.067764
v -0.071452 0.371295 -0.094302
v -0.167494 0.420382 0.070223
v -0.071452 0.371295 0.096728
v -0.042445 0.326765 0.096761
v -0.042446 0.326765 -0.094334
v -0.020397 0.215751 0.059153
v -0.020397 0.215751 -0.056727
v -0.059912 0.312817 -0.067681
v -0.387309 0.377562 0.069827
v -0.387320 0.377536 -0.067913
v -0.049645 0.238277 0.048142
v -0.052842 0.260112 0.070752
v -0.052831 0.260128 -0.067797
v -0.049645 0.238277 -0.045715
v -0.186768 -0.013729 -0.025369
v -0.474150 0.032067 0.055451
v -0.474137 0.032097 -0.025079
v -0.131252 -0.022554 0.090744
v -0.147660 -0.019940 0.054923
v -0.147660 -0.019940 -0.025195
v -0.131252 -0.022554 -0.003113
v -0.416822 -0.481103 0.043023
v -0.164359 0.418108 0.083042
v -0.119468 0.394948 0.096628
v -0.423648 0.370503 0.096828
v -0.401653 0.402040 0.082464
v -0.415577 0.400925 0.082515
v -0.401653 0.402040 -0.080038
v -0.423648 0.370503 -0.094402
v -0.415577 0.400925 -0.080088
v -0.119468 0.394948 -0.094201
v -0.164359 0.418108 -0.080616
v -0.389309 0.403076 -0.047182
v -0.389309 0.403076 0.049608
v -0.387317 0.377550 0.049608
v -0.387317 0.377550 -0.047182
v -0.398407 0.333422 0.049608
v -0.398407 0.333422 -0.047182
v -0.415733 0.401014 0.049608
v -0.415733 0.401014 -0.047182
v -0.432839 0.333422 -0.047182
v -0.432839 0.333422 0.049608
v -0.339625 0.345309 -0.074481
v -0.333682 0.292115 -0.052311
v -0.331221 0.270082 0.001213
v -0.333682 0.292115 0.054737
v -0.339625 0.345309 0.076908
v -0.345568 0.398502 0.054737
v -0.348030 0.420535 0.001213
v -0.345568 0.398502 -0.052311
v -0.361910 0.342819 -0.064894
v -0.356720 0.296363 -0.045532
v -0.354570 0.277120 0.001213
v -0.356720 0.296363 0.047958
v -0.361910 0.342819 0.067321
v -0.367101 0.389275 0.047958
v -0.369250 0.408518 0.001213
v -0.367101 0.389275 -0.045532
v -0.369152 0.342010 -0.064894
v -0.363962 0.295554 -0.045532
v -0.361812 0.276311 0.001213
v -0.363962 0.295554 0.047958
v -0.369152 0.342010 0.067321
v -0.374342 0.388466 0.047958
v -0.376492 0.407709 0.001213
v -0.374342 0.388466 -0.045532
v -0.369152 0.342010 -0.075920
v -0.363096 0.287806 -0.053328
v -0.360588 0.265354 0.001213
v -0.363096 0.287806 0.055754
v -0.369152 0.342010 0.078346
v -0.375208 0.396214 0.055754
v -0.377716 0.418666 0.001213
v -0.375208 0.396214 -0.053328
v -0.384784 0.340263 -0.075920
v -0.378728 0.286059 -0.053328
v -0.376220 0.263607 0.001213
v -0.378728 0.286059 0.055754
v -0.384784 0.340263 0.078346
v -0.390840 0.394467 0.055754
v -0.393348 0.416919 0.001213
v -0.390840 0.394467 -0.053328
v -0.116943 0.321340 -0.047333
v -0.122334 0.369586 -0.067441
v -0.114711 0.301355 0.001213
v -0.116943 0.321340 0.049759
v -0.122334 0.369586 0.069868
v -0.127724 0.417832 0.049759
v -0.129957 0.437816 0.001213
v -0.127724 0.417832 -0.047333
v -0.117326 0.324769 -0.043882
v -0.122334 0.369586 -0.062562
v -0.115252 0.306205 0.001213
v -0.117326 0.324769 0.046309
v -0.122334 0.369586 0.064988
v -0.127341 0.414403 0.046309
v -0.129415 0.432966 0.001213
v -0.127341 0.414403 -0.043882
v -0.079936 0.332206 -0.040643
v -0.084583 0.373803 -0.057981
v -0.078011 0.314975 0.001213
v -0.079936 0.332206 0.043070
v -0.084583 0.373803 0.060407
v -0.089231 0.415401 0.043070
v -0.091156 0.432631 0.001213
v -0.089231 0.415401 -0.040643
v -0.033965 0.350904 -0.027165
v -0.037116 0.379107 -0.038920
v -0.032660 0.339222 0.001213
v -0.033965 0.350904 0.029592
v -0.037116 0.379107 0.041346
v -0.040267 0.407310 0.029592
v -0.041572 0.418992 0.001213
v -0.040267 0.407310 -0.027165
v -0.013204 0.372356 -0.008151
v -0.014243 0.381662 -0.012029
v -0.012773 0.368502 0.001213
v -0.013204 0.372356 0.010577
v -0.014243 0.381662 0.014456
v -0.015283 0.390968 0.010577
v -0.015714 0.394823 0.001213
v -0.015283 0.390968 -0.008151
v -0.365705 0.214630 -0.074481
v -0.359762 0.161436 -0.052311
v -0.357300 0.139403 0.001213
v -0.359762 0.161436 0.054737
v -0.365705 0.214630 0.076908
v -0.371648 0.267823 0.054737
v -0.374109 0.289856 0.001213
v -0.371648 0.267823 -0.052311
v -0.387989 0.212140 -0.064894
v -0.382799 0.165684 -0.045532
v -0.380649 0.146441 0.001213
v -0.382799 0.165684 0.047958
v -0.387989 0.212140 0.067321
v -0.393180 0.258596 0.047958
v -0.395330 0.277839 0.001213
v -0.393180 0.258596 -0.045532
v -0.395231 0.211331 -0.064894
v -0.390041 0.164875 -0.045532
v -0.387891 0.145632 0.001213
v -0.390041 0.164875 0.047958
v -0.395231 0.211331 0.067321
v -0.400421 0.257787 0.047958
v -0.402571 0.277030 0.001213
v -0.400421 0.257787 -0.045532
v -0.395231 0.211331 -0.075920
v -0.389175 0.157127 -0.053328
v -0.386667 0.134675 0.001213
v -0.389175 0.157127 0.055754
v -0.395231 0.211331 0.078346
v -0.401287 0.265535 0.055754
v -0.403796 0.287987 0.001213
v -0.401287 0.265535 -0.053328
v -0.410863 0.209584 -0.075920
v -0.404807 0.155380 -0.053328
v -0.402299 0.132928 0.001213
v -0.404807 0.155380 0.055754
v -0.410863 0.209584 0.078346
v -0.416919 0.263788 0.055754
v -0.419428 0.286240 0.001213
v -0.416919 0.263788 -0.053328
v -0.143023 0.190661 -0.047333
v -0.148413 0.238907 -0.067441
v -0.140790 0.170677 0.001213
v -0.143023 0.190661 0.049759
v -0.148413 0.238907 0.069868
v -0.153803 0.287153 0.049759
v -0.156036 0.307137 0.001213
v -0.153803 0.287153 -0.047333
v -0.143406 0.194090 -0.043882
v -0.148413 0.238907 -0.062562
v -0.141332 0.175526 0.001213
v -0.143406 0.194090 0.046309
v -0.148413 0.238907 0.064988
v -0.153420 0.283724 0.046309
v -0.155494 0.302287 0.001213
v -0.153420 0.283724 -0.043882
v -0.106015 0.201527 -0.040643
v -0.110662 0.243125 -0.057981
v -0.104090 0.184297 0.001213
v -0.106015 0.201527 0.043070
v -0.110662 0.243125 0.060407
v -0.115310 0.284722 0.043070
v -0.117235 0.301952 0.001213
v -0.115310 0.284722 -0.040643
v -0.060044 0.220225 -0.027165
v -0.063195 0.248428 -0.038920
v -0.058739 0.208543 0.001213
v -0.060044 0.220225 0.029592
v -0.063195 0.248428 0.041346
v -0.066346 0.276631 0.029592
v -0.067651 0.288313 0.001213
v -0.066346 0.276631 -0.027165
v -0.039283 0.241677 -0.008150
v -0.040323 0.250983 -0.012029
v -0.038852 0.237823 0.001213
v -0.039283 0.241677 0.010577
v -0.040323 0.250983 0.014456
v -0.041362 0.260289 0.010577
v -0.041793 0.264144 0.001213
v -0.041362 0.260289 -0.008150
v 0.161026 0.474488 -0.074481
v 0.161026 0.420963 -0.052311
v 0.161026 0.398793 0.001213
v 0.161026 0.420963 0.054737
v 0.161026 0.474488 0.076908
v 0.161026 0.528012 0.054737
v 0.161026 0.550182 0.001213
v 0.161026 0.528012 -0.052311
v 0.138602 0.474488 -0.064894
v 0.138602 0.427743 -0.045532
v 0.138602 0.408380 0.001213
v 0.138602 0.427743 0.047958
v 0.138602 0.474488 0.067321
v 0.138602 0.521233 0.047958
v 0.138602 0.540595 0.001213
v 0.138602 0.521233 -0.045532
v 0.131316 0.474488 -0.064894
v 0.131316 0.427743 -0.045532
v 0.131316 0.408380 0.001213
v 0.131316 0.427743 0.047958
v 0.131316 0.474488 0.067321
v 0.131316 0.521233 0.047958
v 0.131316 0.540595 0.001213
v 0.131316 0.521233 -0.045532
v 0.131316 0.474488 -0.075920
v 0.131316 0.419947 -0.053328
v 0.131316 0.397355 0.001213
v 0.131316 0.419947 0.055754
v 0.131316 0.474488 0.078346
v 0.131316 0.529029 0.055754
v 0.131316 0.551621 0.001213
v 0.131316 0.529029 -0.053328
v 0.115586 0.474488 -0.075920
v 0.115586 0.419947 -0.053328
v 0.115586 0.397355 0.001213
v 0.115586 0.419947 0.055754
v 0.115586 0.474488 0.078346
v 0.115586 0.529029 0.055754
v 0.115586 0.551621 0.001213
v 0.115586 0.529029 -0.053328
v 0.379670 0.425942 -0.047333
v 0.379670 0.474488 -0.067441
v 0.379670 0.405833 0.001213
v 0.379670 0.425942 0.049759
v 0.379670 0.474488 0.069868
v 0.379670 0.523034 0.049759
v 0.379670 0.543142 0.001213
v 0.379670 0.523034 -0.047333
v 0.379670 0.429392 -0.043882
v 0.379670 0.474488 -0.062562
v 0.379670 0.410713 0.001213
v 0.379670 0.429392 0.046309
v 0.379670 0.474488 0.064988
v 0.379670 0.519583 0.046309
v 0.379670 0.538263 0.001213
v 0.379670 0.519583 -0.043882
v 0.417655 0.432631 -0.040643
v 0.417655 0.474488 -0.057981
v 0.417655 0.415294 0.001213
v 0.417655 0.432631 0.043070
v 0.417655 0.474488 0.060407
v 0.417655 0.516344 0.043070
v 0.417655 0.533682 0.001213
v 0.417655 0.516344 -0.040643
v 0.465418 0.446109 -0.027165
v 0.465418 0.474488 -0.038920
v 0.465418 0.434355 0.001213
v 0.465418 0.446109 0.029592
v 0.465418 0.474488 0.041346
v 0.465418 0.502866 0.029592
v 0.465418 0.514621 0.001213
v 0.465418 0.502866 -0.027165
v 0.488432 0.465124 -0.008150
v 0.488432 0.474488 -0.012029
v 0.488432 0.461245 0.001213
v 0.488432 0.465124 0.010577
v 0.488432 0.474488 0.014456
v 0.488432 0.483851 0.010577
v 0.488432 0.487730 0.001213
v 0.488432 0.483851 -0.008150
v -0.664304 0.093258 -0.108219
v -0.664304 0.093254 -0.133115
v -0.500349 0.097300 -0.108161
v -0.500347 0.097298 -0.132862
v -0.750168 0.138210 -0.108437
v -0.750168 0.138210 -0.133115
v -0.514461 0.074458 -0.131617
v -0.592447 0.035189 -0.131337
v -0.548878 0.045736 -0.131444
v -0.592447 0.035189 -0.106661
v -0.514460 0.074458 -0.106896
v -0.548877 0.045737 -0.106722
v -0.622843 0.043294 -0.130918
v -0.641168 0.069804 -0.131308
v -0.641168 0.069802 -0.106764
v -0.622842 0.043295 -0.106130
v -0.751878 0.204566 -0.108437
v -0.751878 0.204566 -0.133115
v -0.770975 0.170874 -0.133115
v -0.770975 0.170874 -0.108437
v -0.483391 0.291326 -0.133119
v -0.488169 0.302409 -0.108437
v -0.488169 0.302409 -0.133115
v -0.460553 0.238351 -0.133118
v -0.483221 0.189933 -0.108654
v -0.456519 0.228995 -0.108437
v -0.456519 0.228995 -0.133115
v -0.483222 0.189935 -0.133246
v -0.635436 0.167271 -0.133030
v -0.658514 0.221892 -0.133114
v -0.464083 0.246541 -0.187144
v -0.479199 0.281598 -0.187109
v -0.664304 0.093258 0.110646
v -0.464164 0.246725 -0.141622
v -0.479139 0.281465 -0.140276
v -0.351055 0.284276 -0.189988
v -0.350755 0.306971 -0.190034
v -0.351059 0.284405 -0.142305
v -0.350754 0.306878 -0.141025
v -0.576359 0.242948 -0.187129
v -0.617794 0.230075 -0.170353
v -0.600089 0.188367 -0.170375
v -0.561160 0.207188 -0.187132
v -0.664304 0.093254 0.135542
v -0.500349 0.097300 0.110588
v -0.500348 0.097298 0.135289
v -0.750168 0.138210 0.110864
v -0.750168 0.138210 0.135542
v -0.514461 0.074458 0.134044
v -0.592447 0.035189 0.133763
v -0.548878 0.045736 0.133870
v -0.592447 0.035189 0.109087
v -0.514460 0.074458 0.109323
v -0.548877 0.045737 0.109149
v -0.622843 0.043294 0.133344
v -0.641168 0.069804 0.133735
v -0.641168 0.069802 0.109191
v -0.622842 0.043295 0.108557
v -0.751878 0.204566 0.110864
v -0.751878 0.204566 0.135542
v -0.770975 0.170874 0.135542
v -0.770975 0.170874 0.110864
v -0.483391 0.291326 0.135546
v -0.488169 0.302409 0.110864
v -0.488169 0.302409 0.135542
v -0.460553 0.238351 0.135545
v -0.483221 0.189933 0.111081
v -0.456519 0.228995 0.110864
v -0.456519 0.228995 0.135542
v -0.483222 0.189936 0.135673
v -0.635436 0.167271 0.135456
v -0.658514 0.221892 0.135541
v -0.464083 0.246541 0.189570
v -0.479199 0.281598 0.189535
v -0.464164 0.246725 0.144049
v -0.479139 0.281465 0.142703
v -0.351055 0.284276 0.192415
v -0.350755 0.306971 0.192460
v -0.351059 0.284405 0.144731
v -0.350754 0.306878 0.143451
v -0.576359 0.242948 0.189556
v -0.617794 0.230075 0.172779
v -0.600089 0.188367 0.172801
v -0.561160 0.207188 0.189559
v 0.321007 0.297617 -0.133509
v 0.320989 0.297921 -0.073984
v 0.358429 0.282268 -0.136376
v 0.358420 0.282268 -0.073981
v 0.373905 0.244847 -0.136729
v 0.373920 0.244847 -0.073981
v 0.358429 0.207425 -0.136376
v 0.358420 0.207425 -0.073981
v 0.320993 0.191825 -0.133545
v 0.321003 0.192038 -0.073983
v 0.283580 0.207442 -0.136436
v 0.283576 0.207425 -0.073961
v 0.268075 0.244846 -0.140182
v 0.268077 0.244847 -0.074018
v 0.283577 0.282267 -0.136497
v 0.283577 0.282268 -0.073981
v 0.344223 0.268071 0.135764
v 0.320998 0.277691 0.135764
v 0.353843 0.244847 0.135764
v 0.344223 0.221622 0.135764
v 0.320998 0.212002 0.135764
v 0.297774 0.221622 0.135764
v 0.288154 0.244847 0.135764
v 0.297774 0.268071 0.135764
v 0.130946 0.286041 -0.128007
v 0.130992 0.198446 -0.127937
v 0.130978 0.210981 -0.131110
v 0.130984 0.241836 -0.134608
v 0.130981 0.272666 -0.131025
v 0.104182 0.283550 -0.127470
v 0.104163 0.199653 -0.137758
v 0.104173 0.212331 -0.147817
v 0.104164 0.241903 -0.162158
v 0.104165 0.271561 -0.143480
v -0.048444 0.277225 -0.127834
v -0.048400 0.276847 -0.079447
v -0.048418 0.206476 -0.079502
v -0.048409 0.206683 -0.137757
v -0.050712 0.216856 -0.148458
v -0.050711 0.216935 -0.079513
v -0.053096 0.241803 -0.161377
v -0.053073 0.241834 -0.079506
v -0.049898 0.266741 -0.143745
v 0.545138 0.475468 -0.112556
v 0.545138 0.408596 -0.090828
v 0.545138 0.367266 -0.033943
v 0.545138 0.367266 0.036371
v 0.545138 0.408596 0.093256
v 0.545138 0.475468 0.114984
v 0.545138 0.542341 0.093256
v 0.545138 0.583670 0.036371
v 0.545138 0.583670 -0.033943
v 0.545138 0.542341 -0.090828
v 0.045882 0.381527 -0.051750
v 0.045860 0.375482 -0.016033
v 0.045855 0.376913 0.025164
v 0.045870 0.385781 0.060335
v 0.046419 0.356768 -0.076674
v 0.046419 0.343096 -0.018672
v 0.046419 0.345253 0.019783
v 0.046419 0.356674 0.078270
v 0.891157 0.442592 -0.094283
v 0.891157 0.391347 -0.061004
v 0.891157 0.369450 -0.003961
v 0.891157 0.385264 0.055060
v 0.891157 0.432750 0.093513
v 0.891157 0.493768 0.096711
v 0.891157 0.545013 0.063432
v 0.891157 0.566910 0.006388
v 0.891157 0.551096 -0.052632
v 0.891157 0.503610 -0.091085
v 1.443681 0.608312 0.020801
v 1.443681 0.608312 -0.018374
v 1.460414 0.703752 -0.018378
v 1.460414 0.703752 0.020805
v 1.460913 0.685441 0.001213
v 0.583605 0.064340 -0.088252
v 0.629819 0.064092 -0.088252
v 0.819300 0.063073 -0.088252
v 0.773085 0.063321 -0.088252
v 0.724559 0.063582 -0.088252
v 0.678345 0.063831 -0.088252
v 0.962565 0.062303 -0.088252
v 0.914040 0.062564 -0.088252
v 0.867825 0.062812 -0.088252
v 1.103520 0.061545 -0.088252
v 1.057305 0.061793 -0.088252
v 1.008780 0.062054 -0.088252
v 0.629819 0.064092 0.090679
v 0.583605 0.064340 0.090679
v 0.773085 0.063321 0.090679
v 0.724559 0.063582 0.090679
v 0.678345 0.063831 0.090679
v 0.962565 0.062303 0.090679
v 0.914040 0.062564 0.090679
v 0.867825 0.062812 0.090679
v 1.103520 0.061545 0.090679
v 1.057305 0.061793 0.090679
v 1.008780 0.062054 0.090679
v 0.819300 0.063073 0.090679
v 0.629819 0.090134 0.114627
v 0.583605 0.090134 0.114399
v 0.678345 0.090134 0.114867
v 0.724559 0.090134 0.115096
v 0.867825 0.090134 0.115804
v 0.819300 0.090134 0.115564
v 0.773085 0.090134 0.115336
v 1.008780 0.090134 0.116501
v 0.962565 0.090134 0.116272
v 0.914040 0.090134 0.116032
v 1.057305 0.090134 0.116741
v 1.103520 0.090134 0.116969
v 0.629819 0.090134 -0.112307
v 0.583605 0.090134 -0.112098
v 0.678345 0.090134 -0.112526
v 0.773085 0.090134 -0.112955
v 0.724559 0.090134 -0.112735
v 0.819300 0.090134 -0.113163
v 0.867825 0.090134 -0.113383
v 0.914040 0.090134 -0.113592
v 1.008780 0.090134 -0.114020
v 1.057305 0.090134 -0.114240
v 0.962565 0.090134 -0.113811
v 1.103520 0.090134 -0.114462
v 1.122412 0.133635 -0.089847
v 1.140866 0.133539 -0.071380
v 1.140865 0.118438 -0.100460
v 1.140867 0.182349 -0.071525
v 1.122413 0.182444 -0.089983
v 1.140867 0.195454 -0.102972
v 1.122413 0.182444 0.092410
v 1.140867 0.182349 0.073951
v 1.140867 0.195454 0.105398
v 1.140867 0.133649 0.074001
v 1.122413 0.133762 0.092455
v 1.140867 0.118593 0.103105
v -0.391306 0.236288 -0.108887
v -0.414937 0.214237 -0.112602
v -0.415705 0.214892 -0.111914
v -0.416588 0.233425 -0.101306
v -0.058196 0.147724 -0.111862
v -0.067485 0.177830 -0.108830
v -0.052952 0.164399 -0.101309
v -0.359284 0.217502 -0.160975
v -0.350949 0.238632 -0.144034
v -0.228690 0.226905 -0.162216
v -0.234711 0.206480 -0.179308
v -0.166845 0.216093 -0.154330
v -0.170820 0.194896 -0.170670
v -0.107862 0.200637 -0.143632
v -0.114596 0.179618 -0.160364
v -0.416065 0.214008 0.114341
v -0.391306 0.236288 0.111314
v -0.416588 0.233425 0.103733
v -0.067485 0.177830 0.111256
v -0.058196 0.147724 0.114289
v -0.052952 0.164399 0.103735
v -0.350949 0.238632 0.146461
v -0.359501 0.217449 0.163270
v -0.234675 0.206584 0.181735
v -0.228690 0.226906 0.164642
v -0.171757 0.195137 0.173292
v -0.166845 0.216093 0.156756
v -0.114596 0.179618 0.162790
v -0.107862 0.200637 0.146059
v -0.652905 0.324813 0.047481
v -0.654386 0.335771 0.042642
v -0.648327 0.344358 -0.045054
v -0.654386 0.335771 -0.040216
v -0.651573 0.375607 0.047481
v -0.653518 0.370071 0.042642
v -0.653518 0.370071 -0.040216
v -0.647717 0.369971 -0.045054
v -0.674545 0.392990 0.042642
v -0.669442 0.395064 0.047481
v -0.673155 0.397660 -0.045054
v -0.674545 0.392990 -0.040216
v -0.739183 0.440361 0.047481
v -0.743083 0.437521 0.042642
v -0.743083 0.437521 -0.040216
v -0.739084 0.440433 -0.045054
v -0.755180 0.462738 0.042642
v -0.750372 0.463621 0.047481
v -0.750279 0.463638 -0.045054
v -0.755180 0.462738 -0.040216
v -0.750398 0.489406 0.047481
v -0.755171 0.490706 0.042642
v -0.755171 0.490706 -0.040216
v -0.750326 0.489387 -0.045054
v -0.743060 0.515916 0.042642
v -0.739275 0.512640 0.047481
v -0.739229 0.512600 -0.045054
v -0.743060 0.515916 -0.040216
v -0.719211 0.528751 0.047481
v -0.721231 0.533400 0.042642
v -0.721231 0.533400 -0.040216
v -0.719190 0.528703 -0.045054
v -0.693985 0.539716 0.042642
v -0.694179 0.534576 0.047481
v -0.694181 0.534529 -0.045054
v -0.693985 0.539716 -0.040216
v -0.667402 0.528602 0.047481
v -0.666690 0.533617 0.042642
v -0.667218 0.528515 -0.045054
v -0.666690 0.533617 -0.040216
v -0.630729 0.516618 0.042642
v -0.629216 0.510552 0.047481
v -0.629216 0.510552 -0.045054
v -0.630729 0.516618 -0.040216
v -0.609383 0.534419 0.042642
v -0.614960 0.522399 0.047481
v -0.614960 0.522399 -0.045054
v -0.609383 0.534419 -0.040216
v -0.597601 0.548317 0.042642
v -0.594153 0.546866 0.047481
v -0.594153 0.546866 -0.045054
v -0.597601 0.548317 -0.040216
v -0.697925 0.222990 -0.045054
v -0.698857 0.223394 -0.040433
v -0.695098 0.221849 0.047481
v -0.698857 0.223394 0.042859
v -0.698857 0.223394 -0.040433
v -0.695435 0.235532 -0.040216
v -0.697930 0.222992 -0.045043
v -0.695435 0.235532 0.042642
v -0.698857 0.223394 0.042859
v -0.695106 0.221852 0.047473
vn -0.0000 0.3081 0.9513
vn 0.0001 0.2079 0.9781
vn -0.0000 0.3081 0.9514
vn -0.0000 0.8107 0.5855
vn 0.0001 1.0000 0.0011
vn 0.9997 0.0197 0.0145
vn 0.9998 0.0153 0.0106
vn 0.9998 0.0142 0.0102
vn 0.0005 0.2091 -0.9779
vn 0.0002 0.3104 -0.9506
vn -0.0000 0.3090 -0.9511
vn -0.0000 -0.3090 -0.9511
vn -0.0000 -0.0000 1.0000
vn 0.1405 -0.0167 0.9899
vn 0.0001 -0.0000 1.0000
vn -0.0000 -1.0000 -0.0000
vn -0.0000 -0.8096 0.5870
vn 0.0009 -0.3657 0.9307
vn 0.0001 -0.3087 0.9512
vn -0.0001 -0.3080 0.9514
vn 0.0025 0.0631 -0.9980
vn 0.0005 0.3117 -0.9502
vn -0.0000 -0.0000 -1.0000
vn -0.0000 0.0043 -1.0000
vn -0.0000 0.0030 -1.0000
vn -0.0000 0.5836 -0.8121
vn -0.0000 0.6121 -0.7908
vn -0.0000 0.3330 -0.9429
vn -0.0000 0.3741 -0.9274
vn -0.3578 -0.9338 -0.0000
vn 0.0010 -0.0227 -0.9997
vn -0.0009 -0.1410 -0.9900
vn -0.0216 -0.2336 -0.9721
vn -0.0000 0.3329 -0.9429
vn 1.0000 -0.0000 -0.0000
vn 0.9183 0.3959 -0.0000
vn 0.9183 0.3960 -0.0000
vn -1.0000 -0.0000 -0.0002
vn 0.0009 -0.0003 -1.0000
vn -0.0472 -0.1702 -0.9843
vn 1.0000 0.0010 -0.0001
vn 0.9605 -0.2783 -0.0000
vn -0.0337 0.4432 0.8958
vn -0.0136 0.1797 0.9836
vn -0.0064 0.0854 0.9963
vn 0.0695 -0.9976 -0.0001
vn 0.0696 -0.9976 0.0002
vn -0.0004 0.0002 1.0000
vn -0.0002 0.0001 1.0000
vn 0.0002 0.0005 -1.0000
vn -0.0000 0.0001 -1.0000
vn -0.5628 -0.4976 0.6601
vn -0.4038 -0.4926 0.7709
vn -0.4424 -0.5326 0.7215
vn 0.9966 -0.0819 0.0001
vn 0.9698 -0.2437 -0.0000
vn 0.9698 -0.2438 -0.0001
vn 0.9975 -0.0711 0.0001
vn -0.3479 0.9375 -0.0000
vn -0.0000 0.9511 -0.3090
vn -0.9414 0.3372 -0.0015
vn -0.9728 0.2317 -0.0009
vn -0.9387 0.3448 -0.0018
vn -0.9728 0.2317 0.0009
vn -0.9414 0.3372 0.0015
vn -0.9387 0.3448 0.0017
vn -0.0000 -0.5981 -0.8014
vn -0.0000 -0.5982 -0.8014
vn 0.1499 -0.6082 -0.7795
vn 0.1254 -0.5930 -0.7953
vn 0.0346 -0.9952 0.0916
vn 0.0061 -0.9999 0.0160
vn -0.0083 -0.9999 0.0106
vn -0.0170 0.0307 0.9994
vn -0.0171 0.0411 0.9990
vn -0.0169 -0.0009 0.9999
vn -0.9865 0.1639 0.0014
vn -0.9865 0.1639 -0.0014
vn 0.2344 -0.9721 -0.0000
vn 0.2344 -0.9721 -0.0001
vn 0.2344 -0.9721 -0.0003
vn 0.2636 -0.6702 -0.6938
vn 0.1052 -0.7084 -0.6979
vn 0.1787 -0.6830 -0.7083
vn -0.0000 -0.5990 -0.8008
vn 0.2344 -0.9721 0.0001
vn 0.2344 -0.9721 0.0006
vn 0.0003 -0.5990 -0.8008
vn 0.0001 -0.5994 -0.8004
vn 0.0001 -0.5993 -0.8005
vn 0.2629 -0.6710 0.6933
vn 0.3125 -0.6259 0.7145
vn 0.1805 -0.6833 0.7074
vn 0.2345 -0.9721 0.0007
vn 0.2345 -0.9721 0.0020
vn -0.5236 -0.8520 -0.0000
vn -0.6297 -0.7768 -0.0000
vn -0.9570 0.2902 -0.0000
vn -0.0000 0.1956 0.9807
vn -0.0000 0.2375 0.9714
vn 0.9570 -0.2902 -0.0000
vn -0.0000 -0.5990 0.8008
vn 1.0000 -0.0000 -0.0001
vn 0.0002 -0.5999 0.8001
vn 0.0005 -0.5990 0.8007
vn 0.0003 -0.5996 0.8003
vn -0.0000 0.3741 0.9274
vn -0.0000 0.3330 0.9429
vn -0.0000 -0.5967 0.8025
vn 0.1496 -0.6075 0.7801
vn -0.0000 -0.5973 0.8020
vn -0.0000 0.6121 0.7908
vn -0.0000 0.1956 -0.9807
vn -0.0000 0.2798 -0.9601
vn 0.9938 0.1110 -0.0000
vn 0.2233 -0.2104 0.9518
vn -0.0045 0.0051 1.0000
vn 0.0766 0.0127 0.9970
vn 0.0048 0.0023 1.0000
vn 0.0174 -0.0051 0.9998
vn -0.0001 0.0012 1.0000
vn -0.0014 0.0008 1.0000
vn 1.0000 -0.0000 0.0001
vn -0.0000 0.2798 0.9601
vn -0.9570 0.2901 -0.0000
vn -0.1040 0.9946 -0.0000
vn 0.0260 0.9997 -0.0000
vn 0.0213 0.0527 0.9984
vn -0.0001 -0.0000 1.0000
vn -0.0001 0.2798 -0.9601
vn -0.0001 0.1860 -0.9826
vn 0.0001 0.3329 -0.9430
vn -0.9570 0.2900 -0.0005
vn -0.9570 0.2901 -0.0002
vn 0.2345 -0.9721 -0.0019
vn -0.0000 0.9600 0.2800
vn -0.0000 0.9840 0.1779
vn -0.0000 0.9825 0.1863
vn -0.0000 0.8505 0.5260
vn -0.0000 0.3329 0.9429
vn -0.1917 -0.0002 -0.9815
vn -0.1800 -0.0004 -0.9837
vn -0.1704 -0.0000 -0.9854
vn -0.1918 -0.0000 -0.9814
vn -0.0001 -0.0000 -1.0000
vn -0.9301 0.3672 -0.0012
vn -0.9294 0.3691 -0.0013
vn -0.9296 0.3686 0.0003
vn -0.9296 0.3686 -0.0000
vn 0.0198 0.0305 -0.9993
vn 0.0084 0.0125 -0.9999
vn 0.0029 0.0129 -0.9999
vn 0.0035 0.0382 -0.9993
vn -0.0000 0.5835 0.8121
vn -0.0000 0.3359 0.9419
vn -0.0000 0.2974 0.9547
vn -0.0000 0.6123 0.7906
vn -0.0116 -0.0028 -0.9999
vn -0.0103 -0.0025 -0.9999
vn -0.0223 -0.0059 -0.9997
vn -0.9299 0.3677 0.0068
vn -0.9303 0.3668 -0.0018
vn -0.0000 -0.0001 1.0000
vn -0.1918 -0.0000 0.9814
vn 0.9567 -0.2910 -0.0032
vn 0.0001 0.3740 -0.9274
vn 0.0382 -0.1108 -0.9931
vn 0.0585 -0.1087 -0.9924
vn 0.0005 0.0003 -1.0000
vn 0.9182 0.3960 0.0001
vn -0.0000 0.9825 -0.1861
vn -0.0000 1.0000 -0.0000
vn -0.0001 0.1860 0.9826
vn -0.0001 0.2798 0.9601
vn 0.0003 -0.0000 1.0000
vn 0.0001 0.3740 0.9274
vn 0.0001 0.3329 0.9430
vn -0.0000 0.8085 -0.5885
vn -0.0000 0.8119 -0.5838
vn -0.0000 0.8101 -0.5862
vn 0.0004 -0.5985 0.8011
vn 0.9567 -0.2910 0.0032
vn -0.9307 0.3658 -0.0017
vn -0.1119 -0.9937 0.0054
vn -0.1115 -0.9938 0.0004
vn -0.1118 -0.9937 0.0034
vn -0.9297 0.3684 -0.0020
vn -0.9296 0.3685 0.0015
vn -0.9280 0.3727 -0.0035
vn -0.3655 -0.9308 0.0003
vn -0.1595 -0.9872 0.0021
vn -0.2052 -0.9787 0.0005
vn -0.0000 0.9600 -0.2800
vn -0.0000 0.8505 -0.5259
vn -0.9570 0.2901 0.0003
vn 0.0003 -0.0000 -1.0000
vn -0.9570 0.2901 -0.0003
vn 0.4622 0.0026 0.8868
vn 0.3131 0.0260 0.9494
vn -0.0000 0.9812 0.1929
vn -0.0000 0.9306 0.3660
vn -0.0000 0.9307 0.3659
vn -0.0000 0.9826 0.1859
vn -0.0000 0.8381 -0.5455
vn -0.9093 0.2276 -0.3484
vn -0.9447 0.2638 -0.1947
vn -0.9099 0.4146 -0.0109
vn -0.0000 0.9825 -0.1863
vn -0.0000 0.9840 -0.1779
vn 0.1984 0.0251 0.9798
vn 0.0258 0.0311 0.9992
vn 0.0249 0.1256 0.9918
vn -0.9206 0.3904 0.0031
vn -0.0001 0.0001 1.0000
vn 0.2761 -0.5846 0.7629
vn 0.0009 -0.0002 1.0000
vn 0.0100 0.0558 0.9984
vn 0.0002 -0.0000 1.0000
vn 0.8377 -0.5461 -0.0000
vn 0.9272 -0.3746 -0.0000
vn -0.0331 0.9995 -0.0000
vn -0.0251 0.9997 -0.0002
vn -0.8629 -0.4982 0.0851
vn -0.9002 -0.1871 0.3933
vn -0.9545 -0.2983 -0.0000
vn -0.9003 -0.1872 -0.3930
vn -0.8628 -0.4983 -0.0851
vn -0.0000 0.9825 -0.1862
vn -0.0000 0.9841 -0.1778
vn 0.0002 0.0005 1.0000
vn -0.0000 0.0001 1.0000
vn 0.0002 0.0006 1.0000
vn -0.0000 0.9306 -0.3660
vn -0.9495 0.3137 -0.0000
vn -0.9663 0.2573 -0.0000
vn -0.2649 -0.4559 -0.8497
vn -0.2830 -0.5182 -0.8071
vn -0.4027 -0.4925 -0.7715
vn 0.0002 -0.5987 -0.8009
vn -0.0009 -0.3855 0.9227
vn 0.0004 -0.1606 0.9870
vn -0.0118 -0.1580 0.9874
vn -0.0001 -0.0009 -1.0000
vn 0.4064 0.9120 -0.0562
vn 0.3151 0.9484 -0.0346
vn 0.5143 0.8576 -0.0007
vn 0.9970 -0.0780 -0.0000
vn 0.9965 -0.0840 -0.0000
vn 0.2865 -0.5738 -0.7672
vn 0.2862 -0.5732 -0.7678
vn 0.2765 -0.5854 -0.7622
vn 0.0502 0.9987 -0.0000
vn -0.9613 0.2756 -0.0000
vn -0.9796 0.2012 -0.0000
vn -0.0000 -0.9801 -0.1984
vn -0.0000 -0.9801 0.1984
vn -0.9206 0.3904 -0.0031
vn 0.0024 -0.1997 0.9799
vn 0.0014 -0.4090 0.9125
vn 0.0014 -0.4091 0.9125
vn 0.7094 -0.0169 0.7046
vn 0.6002 0.0274 0.7994
vn -0.2051 -0.9787 -0.0003
vn -0.1591 -0.9873 -0.0011
vn -0.3655 -0.9308 -0.0002
vn 0.2466 -0.9685 0.0348
vn -0.0443 -0.9990 0.0002
vn -0.0390 -0.9992 0.0109
vn 0.1831 -0.9831 0.0077
vn 0.0002 -0.0000 -1.0000
vn 0.0005 -0.0000 -1.0000
vn -0.0000 -0.8457 -0.5336
vn -0.0005 0.0001 -1.0000
vn -0.0004 0.0001 -1.0000
vn 0.9378 -0.3473 -0.0000
vn -0.9378 -0.3473 -0.0000
vn -0.9102 0.4143 -0.0000
vn -0.0000 0.8682 -0.4962
vn -0.0000 0.9822 -0.1878
vn 0.9102 0.4143 -0.0000
vn -0.0000 0.8682 0.4962
vn -0.0000 0.9822 0.1878
vn -0.0000 0.9825 0.1861
vn 0.0008 -1.0000 0.0003
vn 0.0008 -1.0000 -0.0003
vn 0.2073 -0.0708 -0.9757
vn 0.4622 0.0026 -0.8868
vn 0.0766 0.0127 -0.9970
vn 0.0853 -0.0489 -0.9952
vn 0.0551 0.2573 -0.9648
vn -0.1324 0.2077 -0.9692
vn -0.0122 0.0163 -0.9998
vn 0.0923 0.9956 0.0186
vn 0.1606 0.9866 -0.0299
vn 0.1054 0.9944 -0.0091
vn 0.1980 0.6941 0.6921
vn 0.2090 0.6740 0.7086
vn 0.2066 0.6784 0.7051
vn 0.1963 -0.1307 -0.9718
vn 0.2233 -0.2104 -0.9518
vn 0.6258 -0.2443 -0.7407
vn 0.2922 -0.1555 -0.9436
vn 0.7374 0.6754 -0.0000
vn 0.0699 -0.0613 -0.9957
vn 0.1989 0.0505 -0.9787
vn 0.0607 -0.0094 -0.9981
vn 0.9999 0.0101 -0.0000
vn 0.1963 0.6971 0.6896
vn 0.0122 -0.0022 -0.9999
vn -0.0000 1.0000 -0.0002
vn -0.0000 1.0000 -0.0001
vn 0.1178 0.9874 -0.1056
vn 0.1061 0.9906 0.0861
vn -0.8178 0.5755 -0.0000
vn 0.8178 0.5755 -0.0000
vn 0.9182 0.3961 -0.0000
vn -0.9288 0.3706 -0.0018
vn -0.9296 0.3684 0.0015
vn 0.7007 -0.1909 0.6875
vn 0.7165 -0.1221 0.6868
vn 0.7009 -0.1901 0.6875
vn -0.6985 0.3255 0.6373
vn -0.7293 0.3798 0.5691
vn -0.6712 0.2825 0.6853
vn -0.6528 0.3039 -0.6939
vn -0.5963 0.3121 -0.7396
vn -0.7031 0.2946 -0.6472
vn -0.0264 -0.9990 -0.0356
vn -0.0420 -0.9805 -0.1919
vn -0.0836 -0.9953 -0.0484
vn 0.1547 0.9810 -0.1171
vn 0.1391 0.9827 0.1219
vn -0.0169 -0.0024 0.9999
vn -0.0169 -0.0033 0.9999
vn -0.0167 -0.0299 0.9994
vn -0.0168 0.0015 0.9999
vn -0.0004 0.0001 1.0000
vn -0.0005 0.0001 1.0000
vn -0.0035 -0.6066 -0.7950
vn -0.0001 -0.6172 -0.7868
vn -0.0026 -0.6093 -0.7929
vn 0.9795 0.2015 -0.0000
vn -0.1079 -0.8106 0.5756
vn -0.0193 -0.7100 -0.7039
vn -0.0014 -0.7120 -0.7022
vn -0.0190 -0.7116 -0.7023
vn 0.0874 0.9954 -0.0385
vn 0.1067 0.9922 0.0649
vn -0.4062 0.7419 -0.5334
vn -0.0191 -0.7104 0.7035
vn -0.0197 -0.7076 0.7063
vn -0.0185 -0.7125 0.7014
vn -0.9292 0.3695 0.0012
vn 0.0081 -0.7738 -0.6334
vn 0.0142 -0.7737 -0.6333
vn 0.0032 -0.7738 -0.6334
vn -0.9313 0.3642 -0.0035
vn -0.4078 0.7380 -0.5377
vn -0.8051 -0.2625 -0.5319
vn -0.7966 -0.2583 0.5465
vn -0.4073 0.7341 0.5433
vn -0.8069 -0.2631 -0.5288
vn -0.4048 0.7364 0.5420
vn 0.1040 -0.9946 -0.0000
vn -0.9899 0.1416 -0.0000
vn -0.9663 0.2576 -0.0000
vn -0.9853 0.1708 -0.0000
vn 0.0004 0.0018 -1.0000
vn 0.0003 0.0014 -1.0000
vn -0.0195 -0.9998 0.0038
vn -0.0262 -0.9990 0.0357
vn -0.0280 -0.9950 0.0955
vn -0.0199 -0.9997 -0.0136
vn 0.9182 0.3960 -0.0001
vn -0.6658 0.2476 -0.7038
vn -0.6635 0.2448 -0.7070
vn -0.6571 0.1444 -0.7398
vn -0.0000 0.8085 -0.5886
vn -0.0457 -0.9990 -0.0027
vn 0.3512 -0.2933 -0.8892
vn -0.6533 0.1484 -0.7424
vn 0.1181 -0.9930 0.0003
vn -0.0001 -0.0002 -1.0000
vn -0.0000 0.5568 -0.8306
vn -0.0000 0.8454 -0.5342
vn 0.0002 -0.6995 0.7146
vn 0.0014 -0.3992 -0.9169
vn 0.0014 -0.3991 -0.9169
vn 0.0024 -0.1802 -0.9836
vn -0.0000 0.8454 0.5342
vn -0.0000 0.5568 0.8306
vn -0.0000 -0.0601 -0.9982
vn -0.0000 0.2218 -0.9751
vn -0.0000 0.9827 -0.1850
vn -0.0000 0.9827 0.1850
vn -0.0000 -0.9900 0.1413
vn -0.0000 -0.9900 -0.1413
vn -0.0000 0.2218 0.9751
vn -0.0000 -0.0598 0.9982
vn 0.5050 -0.5185 -0.6900
vn 0.5591 -0.3836 -0.7350
vn 0.2128 -0.3875 -0.8970
vn -0.0000 -0.8901 0.4559
vn 0.6528 -0.2393 -0.7188
vn 0.6498 -0.2427 -0.7203
vn -0.0000 -0.8901 -0.4557
vn -0.0000 -0.2997 -0.9540
vn 0.1050 -0.7695 0.6299
vn 0.0889 -0.7401 0.6666
vn 0.0719 -0.6155 0.7849
vn -0.0000 -0.3036 0.9528
vn 0.0002 -0.6990 -0.7151
vn 0.7973 0.6036 -0.0005
vn 0.7972 -0.6038 0.0005
vn -0.0001 -0.3952 -0.9186
vn 0.2709 -0.9626 0.0008
vn -0.0014 0.0008 -1.0000
vn 0.0784 -0.0424 -0.9960
vn -0.0021 -0.0015 -1.0000
vn 0.2709 0.9626 -0.0008
vn -0.3144 -0.4694 0.8251
vn -0.5402 -0.6014 0.5887
vn -0.3627 -0.4488 0.8167
vn -0.0001 -0.4032 0.9151
vn 0.0561 -0.2621 -0.9634
vn 0.1295 0.0087 -0.9915
vn 0.0716 -0.4699 -0.8798
vn -0.2247 -0.7883 -0.5727
vn -0.2247 -0.9744 -0.0000
vn 0.0960 -0.6995 0.7082
vn 0.2572 -0.7818 0.5680
vn 0.1295 -0.5898 0.7971
vn 0.0561 -0.3543 0.9335
vn 0.1295 -0.0087 0.9915
vn 0.0561 0.2621 0.9634
vn 0.1295 0.5758 0.8073
vn 0.0561 0.7783 0.6254
vn 0.0716 0.8973 0.4355
vn -0.2247 0.9744 -0.0000
vn -0.0022 -0.9986 0.0523
vn -0.0022 -0.8387 -0.5446
vn 0.0022 -0.9673 -0.2535
vn -0.2247 0.7883 -0.5727
vn 0.0960 0.1496 -0.9841
vn 0.2572 0.2986 -0.9191
vn 0.0194 -0.0088 0.9998
vn 0.0541 -0.0456 0.9975
vn 0.0067 -0.0109 0.9999
vn -0.9286 0.3712 -0.0007
vn -0.9279 0.3727 -0.0034
vn -0.4661 -0.8847 -0.0000
vn 1.0000 0.0007 0.0012
vn -0.0063 -1.0000 0.0003
vn -0.0063 -1.0000 -0.0003
vn -0.0023 0.2588 -0.9659
vn -0.0022 0.7772 -0.6293
vn -0.0965 0.6358 -0.7658
vn -0.0022 -0.7771 0.6293
vn 0.0022 -0.9316 0.3635
vn -0.0022 -0.3584 -0.9336
vn 0.0022 -0.0589 -0.9983
vn -0.0022 0.9986 -0.0523
vn -0.0021 0.9659 0.2588
vn 0.0021 0.9986 -0.0533
vn -0.0021 -0.5401 0.8416
vn 0.0022 -0.5400 0.8416
vn 0.0022 -0.6336 -0.7737
vn -0.0924 0.8811 -0.4639
vn 0.0061 0.0578 0.9983
vn -0.0063 0.3603 0.9328
vn -0.0061 0.3552 0.9348
vn -0.2025 -0.9793 -0.0000
vn -0.1115 -0.9938 -0.0004
vn -0.1118 -0.9937 -0.0034
vn 0.0436 -0.1228 0.9915
vn 0.0727 -0.1277 0.9891
vn -0.0021 -0.0015 1.0000
vn -0.0002 0.0002 1.0000
vn 0.0807 -0.0251 0.9964
vn 0.0784 -0.0424 0.9960
vn -0.1704 -0.0000 0.9854
vn 0.0005 0.8608 0.5090
vn -0.0000 0.8380 0.5456
vn 0.2865 -0.5738 0.7672
vn 0.2859 -0.5727 0.7683
vn -0.5948 0.7609 -0.2593
vn -0.5710 0.4184 -0.7064
vn -0.5775 0.4203 -0.6999
vn -0.0001 0.0001 -1.0000
vn -0.0000 -0.0001 -1.0000
vn -0.7202 -0.5172 0.4624
vn -0.7022 -0.1075 0.7038
vn -0.0004 0.0010 -1.0000
vn -0.0002 0.0004 -1.0000
vn -0.0002 0.0006 -1.0000
vn 0.9610 0.0532 0.2714
vn 0.9738 0.0416 0.2235
vn 0.9815 0.0349 0.1883
vn 0.9987 0.0409 0.0308
vn -0.0000 0.9822 -0.1877
vn -0.0000 0.9812 -0.1930
vn -0.6235 -0.4616 -0.6310
vn -0.5402 -0.6014 -0.5887
vn -0.3627 -0.4488 -0.8167
vn -0.1079 -0.8107 -0.5755
vn -0.5642 -0.8256 0.0011
vn -0.4552 -0.8856 0.0923
vn -0.5431 -0.8396 0.0074
vn 0.0167 0.0413 0.9990
vn -0.0463 -0.1632 0.9855
vn 0.0002 0.0008 1.0000
vn 0.0115 0.1624 0.9867
vn 0.0405 -0.8084 -0.5873
vn -0.0000 -0.8090 -0.5878
vn 0.0724 -0.8069 -0.5862
vn 0.0553 -0.8078 0.5869
vn -0.0000 -0.8090 0.5878
vn 0.0309 -0.8086 0.5875
vn -0.0000 -0.3090 0.9511
vn -0.0000 0.3090 0.9511
vn -0.0000 0.8090 0.5878
vn -0.9999 0.0121 0.0035
vn -0.9999 0.0079 0.0106
vn -0.9999 0.0080 0.0106
vn -0.9999 0.0120 0.0038
vn -0.0000 0.8090 -0.5878
vn -0.9999 0.0118 -0.0046
vn -0.9999 0.0120 -0.0038
vn 0.9599 -0.2802 -0.0000
vn 0.9832 -0.1824 -0.0000
vn -0.0937 -0.3511 0.9316
vn -0.9994 0.0333 -0.0000
vn -0.0968 -0.3650 -0.9260
vn 0.1185 -0.6396 0.7595
vn -0.0000 -0.7072 0.7070
vn 0.0751 -0.6661 0.7421
vn 0.0023 -0.6247 -0.7808
vn 0.0145 -0.0041 -0.9999
vn 0.0193 -0.0039 -0.9998
vn 0.0115 -0.0042 -0.9999
vn -0.0484 -0.7116 -0.7009
vn -0.0398 -0.7113 -0.7017
vn -0.0912 -0.7121 -0.6961
vn -0.0000 0.4614 0.8872
vn -0.7164 -0.6977 -0.0000
vn -0.6390 -0.7692 -0.0000
vn 0.0093 -0.7121 -0.7021
vn -0.5628 -0.4976 -0.6601
vn -0.2858 -0.5223 0.8035
vn -0.2736 -0.4557 0.8471
vn -0.4813 0.8766 -0.0000
vn 0.0032 -0.7738 0.6334
vn 0.0081 -0.7738 0.6334
vn -0.4424 -0.5326 -0.7215
vn 0.0142 -0.7737 0.6333
vn 0.9818 -0.1899 0.0002
vn 0.9814 -0.1918 0.0006
vn 0.9817 -0.1906 0.0004
vn -0.0154 -0.9999 -0.0000
vn 0.1050 -0.7695 -0.6299
vn 0.0889 -0.7401 -0.6666
vn 0.8995 -0.4051 -0.1639
vn 0.9007 -0.4093 -0.1457
vn 0.9021 -0.4288 -0.0491
vn -1.0000 0.0001 -0.0000
vn -1.0000 0.0002 0.0003
vn -1.0000 -0.0000 -0.0001
vn -0.7880 -0.6157 -0.0000
vn 0.0642 -0.2560 -0.9645
vn 0.6528 -0.2393 0.7188
vn 0.6498 -0.2427 0.7203
vn -0.1324 0.2075 0.9692
vn -0.0122 0.0164 0.9998
vn -0.0151 0.0061 0.9999
vn -0.0631 0.0815 0.9947
vn -0.7203 -0.5175 -0.4619
vn -0.4063 -0.3995 -0.8218
vn -0.3382 -0.4312 -0.8365
vn 0.0001 -0.0000 -1.0000
vn 0.1405 -0.0167 -0.9899
vn 0.5591 -0.3836 0.7350
vn 0.3202 -0.2664 0.9091
vn 0.0001 0.3086 0.9512
vn -0.0000 0.2936 0.9559
vn 0.1052 -0.7094 0.6969
vn 0.9541 -0.2995 -0.0000
vn 0.7094 -0.0169 -0.7046
vn 0.1184 0.9930 -0.0000
vn 0.0064 -0.0796 -0.9968
vn 0.3131 0.0260 -0.9494
vn 0.9726 0.2323 -0.0000
vn 0.9077 0.4196 -0.0000
vn 0.6002 0.0274 -0.7994
vn -0.6559 0.2600 0.7086
vn 0.5697 -0.1620 -0.8057
vn 0.5612 -0.2396 -0.7923
vn 0.5612 -0.2396 0.7923
vn 0.5697 -0.1620 0.8057
vn 0.9694 -0.2453 -0.0000
vn -0.9404 0.3401 0.0031
vn -0.8377 0.5461 -0.0000
vn -0.8413 0.5406 0.0001
vn -0.5174 0.8557 0.0017
vn -0.5175 0.8557 0.0017
vn -0.8413 0.5406 -0.0001
vn 0.4324 -0.8748 -0.2185
vn 0.4716 -0.6507 -0.5951
vn 0.4840 -0.7827 -0.3914
vn 0.4716 -0.6507 0.5951
vn 0.4324 -0.8748 0.2185
vn 0.4840 -0.7827 0.3914
vn 0.5821 -0.5638 0.5859
vn 0.4093 -0.8929 0.1875
vn 0.5805 -0.5717 -0.5798
vn 0.4093 -0.8929 -0.1875
vn 0.6189 -0.2513 0.7441
vn 0.7998 -0.2480 0.5467
vn 0.9067 -0.3199 0.2748
vn 0.8469 -0.3489 -0.4012
vn 0.7949 -0.2710 -0.5429
vn 0.9209 -0.3368 0.1962
vn 0.7998 -0.2479 -0.5466
vn 0.4184 -0.5603 -0.7149
vn 0.5373 -0.3740 -0.7560
vn 0.8059 0.5920 -0.0000
vn 0.4184 -0.5603 0.7149
vn 0.5373 -0.3740 0.7560
vn -0.2844 0.0178 -0.9585
vn -0.5636 0.0443 -0.8249
vn -0.4686 0.0689 -0.8807
vn 0.2923 -0.1555 0.9436
vn 0.1963 -0.1307 0.9718
vn -0.1437 0.8347 0.5316
vn 0.0064 0.6293 0.7771
vn 0.0062 0.6336 0.7736
vn 0.2789 -0.0870 0.9564
vn 0.0807 -0.0251 -0.9964
vn 0.2790 -0.0870 -0.9563
vn 0.3959 -0.1233 -0.9100
vn -0.2038 0.3571 0.9115
vn -0.0129 0.3835 0.9235
vn 0.3962 -0.1234 0.9098
vn -0.0000 -0.6295 0.7770
vn 0.2319 -0.3673 0.9008
vn 0.0719 -0.6155 -0.7849
vn 0.1536 -0.5674 -0.8090
vn -0.5174 0.8557 -0.0017
vn -0.5175 0.8557 -0.0017
vn -0.3134 0.9496 -0.0004
vn -0.3134 0.9496 0.0004
vn -0.3144 -0.4694 -0.8251
vn -0.4347 -0.3414 -0.8334
vn -0.4347 -0.3414 0.8334
vn -0.6752 -0.0817 -0.7331
vn -0.6606 -0.2883 -0.6932
vn -0.6660 -0.2542 -0.7013
vn -0.6742 -0.0485 -0.7369
vn -0.6606 -0.2883 0.6932
vn -0.6660 -0.2542 0.7013
vn -0.6235 -0.4616 0.6310
vn -0.6752 -0.0817 0.7331
vn -0.6533 0.1484 0.7424
vn -0.6571 0.1444 0.7398
vn -0.6742 -0.0485 0.7369
vn -1.0000 -0.0000 -0.0000
vn -0.0069 0.0023 -1.0000
vn 0.0013 -0.0005 -1.0000
vn -0.0041 0.0013 -1.0000
vn 0.0013 -0.0005 1.0000
vn -0.0069 0.0023 1.0000
vn -0.0041 0.0013 1.0000
vn -0.8989 0.3286 0.2899
vn -0.8192 0.3340 0.4663
vn -0.8570 0.4274 0.2878
vn -0.0764 0.9971 -0.0056
vn -0.0736 0.9972 -0.0114
vn -0.0760 0.9798 -0.1852
vn -0.3353 -0.9421 -0.0000
vn -0.0040 -0.0980 0.9952
vn -0.8858 -0.4640 -0.0000
vn -0.9243 -0.3816 -0.0000
vn -0.9954 -0.0953 -0.0000
vn 0.2412 0.9702 0.0241
vn 0.1736 0.9848 -0.0084
vn -0.0612 0.9978 -0.0263
vn -0.0458 0.9990 -0.0006
vn 0.0002 0.0006 -1.0000
vn -0.9764 0.2159 -0.0000
vn 0.5134 0.8582 0.0002
vn 0.5137 0.8580 0.0001
vn 0.5137 0.8580 -0.0001
vn -0.9269 0.3754 -0.0000
vn -0.0000 0.0011 -1.0000
vn -0.0001 0.0079 -1.0000
vn 0.2194 0.0622 -0.9736
vn -0.9031 0.4295 -0.0000
vn -0.0000 0.2375 -0.9714
vn -0.0000 1.0000 0.0002
vn -0.0000 1.0000 0.0001
vn -0.9388 0.3445 -0.0000
vn -0.0041 -0.0019 -1.0000
vn -0.1155 0.0172 -0.9932
vn -0.0128 -0.0107 -0.9999
vn -0.9145 0.3236 -0.2429
vn -0.8315 0.2942 -0.4712
vn -0.9145 0.3236 0.2429
vn -0.8315 0.2942 0.4712
vn 0.0014 -0.0006 -1.0000
vn -0.3336 -0.9427 -0.0000
vn 0.3336 0.9427 -0.0000
vn 0.0014 -0.0006 1.0000
vn -0.9557 0.2944 -0.0000
vn -0.9744 0.2249 -0.0000
vn -0.8005 0.5993 -0.0000
vn -0.8743 0.4853 -0.0000
vn -0.0143 0.9999 -0.0000
vn 0.0213 0.0527 -0.9984
vn 0.0013 0.0078 -1.0000
vn 0.0093 -0.0035 -1.0000
vn 0.0627 -0.9798 0.1900
vn -0.0083 -0.9999 -0.0106
vn 0.0627 -0.9798 -0.1900
vn 0.0167 0.0413 -0.9990
vn -0.0000 -0.8457 0.5336
vn 0.0136 -0.0157 -0.9998
vn 0.0329 -0.0121 -0.9994
vn 0.0036 -0.0065 -1.0000
vn -0.9404 0.3401 -0.0031
vn -0.8717 -0.4901 -0.0000
vn -0.9945 -0.1046 -0.0000
vn 0.0148 -0.7129 0.7011
vn 0.0023 -0.7129 0.7013
vn -0.9720 0.2352 -0.0000
vn -0.8610 0.5085 -0.0000
vn -0.5876 0.8091 -0.0000
vn -0.3409 0.9401 -0.0000
vn -0.1312 0.9914 -0.0000
vn 0.1456 0.9893 -0.0000
vn 0.2879 0.9577 -0.0000
vn -0.0048 0.0020 -1.0000
vn 0.5491 -0.6483 0.5275
vn 0.5491 -0.6483 -0.5275
vn -0.0372 -0.7018 0.7114
vn -0.0336 -0.7014 0.7120
vn -0.2045 -0.6711 0.7126
vn -0.2367 -0.6600 0.7130
vn -0.0336 -0.7014 -0.7120
vn -0.0372 -0.7018 -0.7114
vn -0.2367 -0.6600 -0.7130
vn -0.2045 -0.6711 -0.7126
vn 0.7009 -0.1901 -0.6875
vn 0.7165 -0.1221 -0.6868
vn 0.7007 -0.1909 -0.6875
vn 0.1246 -0.5545 0.8228
vn 0.5934 -0.3946 0.7015
vn 0.6040 -0.3800 0.7006
vn 0.6040 -0.3800 -0.7006
vn 0.5934 -0.3946 -0.7015
vn 0.3724 -0.5894 -0.7168
vn 0.3884 -0.5803 -0.7158
vn 0.3724 -0.5894 0.7168
vn 0.3884 -0.5803 0.7158
vn 0.1281 -0.6791 0.7228
vn 0.1351 -0.6778 0.7228
vn 0.1351 -0.6778 -0.7228
vn 0.1281 -0.6791 -0.7228
vn -0.0002 0.0011 -1.0000
vn 0.0627 0.0010 -0.9980
vn 0.0079 0.1634 -0.9865
vn 0.0158 -0.1361 -0.9906
vn 0.0920 0.9958 -0.0000
vn 0.7448 -0.6673 -0.0000
vn 0.0394 0.0972 -0.9945
vn -0.0668 0.9795 0.1901
vn -0.0671 0.9805 0.1848
vn -0.0788 0.9969 0.0063
vn 0.9890 0.1477 0.0002
vn 0.9534 0.0864 0.2889
vn 0.9599 -0.1136 0.2562
vn 0.0008 -1.0000 -0.0010
vn 0.9648 -0.2629 -0.0000
vn 0.8382 -0.5453 -0.0000
vn 0.5430 -0.8397 -0.0000
vn 0.2392 -0.9710 -0.0000
vn 0.0567 -0.9984 -0.0000
vn -0.0000 -1.0000 -0.0001
vn 1.0000 -0.0006 0.0026
vn 0.0098 -0.0042 -0.9999
vn 0.2345 -0.9721 0.0005
vn -0.0008 0.0001 -1.0000
vn -0.0197 -0.7080 -0.7060
vn -0.0979 -0.9952 -0.0000
vn -0.1897 -0.9818 -0.0000
vn -0.3413 -0.6178 0.7084
vn -0.3413 -0.6178 -0.7084
vn 0.5606 -0.0744 0.8248
vn 0.5765 -0.0017 0.8171
vn 0.5383 -0.1578 0.8279
vn 0.0002 -0.0001 1.0000
vn 0.7683 -0.4577 0.4474
vn -0.0708 -0.6532 0.7539
vn -0.1024 -0.6733 0.7322
vn -0.1792 -0.5521 0.8143
vn -0.0954 -0.6759 -0.7308
vn -0.0713 -0.6555 -0.7518
vn -0.1676 -0.5540 -0.8155
vn 0.0109 -0.9617 0.2737
vn -0.9122 -0.3678 -0.1808
vn 0.0547 0.0361 0.9979
vn -0.9122 -0.3678 0.1808
vn 0.5134 -0.2360 0.8251
vn 0.0738 0.5756 0.8144
vn 0.1812 0.5676 0.8031
vn 0.0854 0.5750 0.8137
vn 0.7052 -0.7090 -0.0000
vn -0.0054 -1.0000 -0.0000
vn -0.0008 0.0001 1.0000
vn -0.0034 -0.6786 -0.7345
vn -0.9946 -0.1040 -0.0000
vn -0.7768 0.6297 -0.0000
vn 0.7768 -0.6297 -0.0000
vn -0.2845 -0.9587 -0.0000
vn -0.0045 0.0051 -1.0000
vn -0.0085 0.0094 -0.9999
vn -0.0294 -0.9929 -0.1156
vn 0.2845 0.9587 -0.0000
vn 0.6297 0.7768 -0.0000
vn 0.9946 0.1040 -0.0000
vn 0.1181 -0.9930 -0.0002
vn -0.0000 0.9306 0.3661
vn 0.5131 0.3143 -0.7987
vn 0.5039 0.3593 -0.7855
vn 0.5192 0.2803 -0.8074
vn 0.5192 0.2803 0.8074
vn 0.5039 0.3593 0.7855
vn 0.5131 0.3143 0.7987
vn 0.5039 -0.3593 -0.7855
vn 0.5131 -0.3143 -0.7987
vn 0.5192 -0.2803 -0.8074
vn 0.5333 -0.1797 -0.8266
vn 0.5355 -0.1580 -0.8296
vn 0.5425 -0.0537 -0.8383
vn 0.5427 -0.0486 -0.8385
vn 0.5425 0.0537 -0.8383
vn 0.5427 0.0486 -0.8385
vn 0.5333 0.1797 -0.8266
vn 0.5355 0.1580 -0.8296
vn 0.5039 -0.3593 0.7855
vn 0.5192 -0.2803 0.8074
vn 0.5131 -0.3143 0.7987
vn 0.5355 -0.1580 0.8296
vn 0.5333 -0.1797 0.8266
vn 0.5427 -0.0486 0.8385
vn 0.5425 -0.0537 0.8383
vn 0.5427 0.0486 0.8385
vn 0.5425 0.0537 0.8383
vn 0.5355 0.1580 0.8296
vn 0.5333 0.1797 0.8266
vn 0.7745 0.5530 0.3071
vn 0.8149 0.4811 0.3231
vn 0.8247 0.4614 0.3270
vn -0.0013 0.0016 1.0000
vn -0.1474 0.0330 0.9885
vn -0.3033 0.0397 0.9521
vn 0.8149 -0.4811 0.3231
vn 0.7745 -0.5530 0.3071
vn 0.8247 -0.4614 0.3270
vn 0.7745 0.5530 -0.3071
vn 0.8247 0.4614 -0.3270
vn 0.8149 0.4811 -0.3231
vn 0.2345 -0.9721 -0.0003
vn 0.2344 -0.9721 -0.0004
vn 0.8247 -0.4614 -0.3270
vn 0.7745 -0.5530 -0.3071
vn 0.8149 -0.4811 -0.3231
vn 0.8940 -0.2741 -0.3544
vn 0.8899 -0.2891 -0.3528
vn 0.2073 -0.0708 0.9757
vn 0.1324 0.0439 0.9902
vn 0.9262 -0.0856 -0.3672
vn 0.9259 -0.0895 -0.3671
vn 0.9262 0.0856 -0.3672
vn 0.9259 0.0895 -0.3671
vn 0.8940 0.2741 -0.3544
vn 0.8899 0.2891 -0.3528
vn 0.8899 -0.2891 0.3528
vn 0.8940 -0.2741 0.3544
vn -0.1711 -0.0723 -0.9826
vn -0.1758 -0.0742 -0.9816
vn 0.9259 -0.0895 0.3671
vn 0.9262 -0.0856 0.3672
vn 0.9259 0.0895 0.3671
vn 0.9262 0.0856 0.3672
vn 0.8899 0.2891 0.3528
vn 0.8940 0.2741 0.3544
vn 0.0955 -0.5486 0.8306
vn 0.7489 -0.6615 0.0396
vn 0.5722 -0.8196 0.0313
vn 0.6642 -0.7466 0.0368
vn 0.5722 -0.8196 -0.0313
vn 0.7489 -0.6615 -0.0396
vn 0.6642 -0.7466 -0.0368
vn 0.2019 -0.5970 -0.7764
vn 0.5050 -0.5185 0.6900
vn 0.2019 -0.5970 0.7764
vn -0.0277 -0.9996 -0.0000
vn 0.1008 -0.9521 -0.2887
vn 0.0048 0.0023 -1.0000
vn -0.0001 0.0012 -1.0000
vn -0.0002 0.0002 -1.0000
vn 0.0046 -0.0633 0.9980
vn -0.5867 0.4387 -0.6806
vn -0.5178 0.5294 -0.6721
vn -0.5729 0.3284 -0.7510
vn 0.9333 0.3161 -0.1702
vn 0.9534 0.0864 -0.2889
vn 0.9122 0.3714 -0.1729
vn -0.5256 0.0924 0.8457
vn -0.6019 -0.0970 0.7927
vn -0.0002 0.0011 1.0000
vn -0.0404 -0.9807 0.1915
vn -0.0880 -0.9958 0.0251
vn -0.0408 0.2199 -0.9747
vn -0.0021 0.0379 -0.9993
vn -0.0419 0.1823 -0.9824
vn 0.3459 0.9382 -0.0099
vn 0.3771 0.9258 0.0257
vn -0.9586 0.2557 -0.1252
vn -0.6153 0.7113 0.3398
vn -0.6840 0.6027 0.4109
vn -0.6127 0.4591 0.6433
vn -0.9267 0.3375 0.1654
vn -0.9458 0.3182 0.0648
vn -0.9753 0.2209 0.0005
vn 0.0018 0.1068 0.9943
vn 0.9523 -0.3052 -0.0000
vn 0.9664 -0.2572 -0.0000
vn -0.9754 0.2205 -0.0000
vn -0.9952 0.0976 -0.0000
vn 0.0426 0.2032 -0.9782
vn 0.9484 -0.3171 -0.0000
vn -0.3171 -0.9484 -0.0000
vn -0.4464 0.8948 -0.0000
vn -0.9484 0.3171 -0.0000
vn 0.3171 0.9484 -0.0000
vn 0.9333 0.3161 0.1702
vn 0.9122 0.3714 0.1729
vn 0.9780 -0.2086 -0.0000
vn -0.2071 -0.5358 0.8186
vn -0.4055 -0.3990 0.8224
vn -0.3379 -0.4305 0.8369
vn 0.8922 0.4517 -0.0000
vn -0.1475 0.0331 -0.9885
vn -0.0017 0.0017 -1.0000
vn -0.5854 0.7362 -0.3396
vn 0.0394 0.0972 0.9945
vn 0.0029 -0.0436 0.9990
vn -0.7028 -0.1078 -0.7032
vn -0.6420 -0.7667 -0.0000
vn -0.0009 -0.0358 -0.9994
vn 0.9379 -0.3468 0.0087
vn 0.9263 -0.3745 0.0413
vn 0.9163 -0.3972 0.0502
vn -0.2077 -0.5361 -0.8182
vn -0.1626 -0.4398 -0.8833
vn -0.1632 -0.4026 0.9007
vn -0.1623 -0.4395 0.8835
vn -0.0746 -0.4190 0.9049
vn -0.0748 -0.4195 -0.9047
vn -0.1635 -0.4030 -0.9005
vn -0.3957 -0.9184 -0.0000
vn 0.8750 -0.4565 0.1616
vn 0.8877 -0.4418 0.1292
vn -0.5948 0.7609 0.2593
vn -0.5775 0.4203 0.6999
vn 0.8993 -0.4374 0.0018
vn 0.1535 0.9876 -0.0342
vn -0.2708 0.4129 -0.8696
vn -0.2439 0.3692 -0.8968
vn -0.0630 0.0814 -0.9947
vn -0.2440 0.3692 0.8967
vn -0.2709 0.4130 0.8695
vn 0.9589 -0.1157 -0.2589
vn 0.9042 -0.0214 -0.4266
vn -0.3292 0.5082 -0.7958
vn 0.0109 -0.9617 -0.2737
vn -0.3291 0.5083 0.7958
vn -0.0151 0.0059 -0.9999
vn -0.8045 0.1031 -0.5850
vn -0.8042 0.1031 0.5854
vn -0.6184 -0.2718 0.7373
vn -0.4870 -0.1268 0.8641
vn -0.5706 -0.2952 -0.7663
vn -0.6184 -0.2718 -0.7373
vn -0.4656 -0.3399 -0.8171
vn -0.6516 0.2259 0.7242
vn -0.5710 0.4184 0.7064
vn -0.6477 0.2350 0.7247
vn -0.6516 0.2259 -0.7242
vn -0.6477 0.2350 -0.7247
vn -0.6755 -0.1664 0.7184
vn -0.6873 0.0398 0.7253
vn -0.6858 0.0201 0.7275
vn -0.6766 -0.1378 0.7233
vn -0.6873 0.0398 -0.7253
vn -0.6755 -0.1664 -0.7184
vn -0.6766 -0.1378 -0.7233
vn -0.6858 0.0201 -0.7275
vn -0.5729 0.3284 0.7510
vn -0.5178 0.5294 0.6721
vn -0.3107 -0.9505 -0.0000
vn -0.9761 -0.2172 -0.0000
vn -0.8829 -0.4696 -0.0000
vn -0.6752 -0.7376 -0.0000
vn -0.6841 0.1202 -0.7195
vn -0.8196 0.5729 -0.0000
vn -0.9413 0.3376 -0.0000
vn -0.9990 0.0439 -0.0000
vn -0.5841 0.7045 0.4032
vn -0.8026 0.4361 -0.4069
vn -0.7504 0.6573 -0.0706
vn -0.5260 0.8505 -0.0000
vn -0.4484 -0.8847 -0.1273
vn -0.4552 -0.8856 -0.0923
vn -0.5431 -0.8396 -0.0074
vn -0.6097 0.2719 0.7446
vn -0.9127 0.4086 -0.0000
vn -0.6097 0.2719 -0.7446
vn 0.0002 0.0009 1.0000
vn -0.1027 0.9947 -0.0004
vn -0.2825 0.9593 -0.0002
vn 0.1861 -0.5940 0.7826
vn 0.5400 -0.8417 -0.0000
vn -0.1981 0.9802 -0.0000
vn 0.1632 0.9866 -0.0000
vn 0.5174 0.8558 -0.0000
vn 0.8075 0.5899 -0.0000
vn 0.9078 0.4194 -0.0000
vn 0.9967 -0.0810 -0.0002
vn 0.9965 -0.0841 -0.0002
vn 0.9392 -0.3434 -0.0000
vn 0.9475 -0.3198 0.0001
vn 0.3125 -0.6259 -0.7145
vn -0.1277 -0.9918 -0.0062
vn -0.5642 -0.8256 -0.0011
vn -0.6139 -0.7894 -0.0015
vn 0.2580 -0.4599 -0.8496
vn 0.1297 -0.6196 -0.7742
vn -0.0185 -0.5795 -0.8148
vn 0.1442 0.6703 -0.7280
vn 0.2992 0.6468 -0.7016
vn 0.0890 0.5465 -0.8327
vn 0.0136 -0.0157 0.9998
vn 0.0036 -0.0065 1.0000
vn 0.0329 -0.0121 0.9994
vn 0.0193 -0.0039 0.9998
vn 0.0145 -0.0041 0.9999
vn 0.0115 -0.0042 0.9999
vn -0.1277 -0.9918 0.0062
vn 0.0001 0.0048 1.0000
vn 0.0003 0.0002 1.0000
vn -0.0000 0.0069 1.0000
vn -0.6139 -0.7894 0.0015
vn -0.4484 -0.8847 0.1273
vn 0.7037 -0.1871 -0.6854
vn 0.6698 -0.0661 -0.7396
vn 0.0986 0.9951 -0.0058
vn 0.9552 -0.2961 0.0002
vn 0.9981 -0.0613 -0.0000
vn 0.0005 -0.0000 1.0000
vn -1.0000 0.0001 -0.0004
vn -0.0005 0.0183 0.9998
vn 0.0026 0.0211 0.9998
vn 0.0035 0.0218 0.9998
vn -0.3050 0.9523 -0.0000
vn 0.3299 0.9440 -0.0000
vn 0.4366 0.8997 -0.0000
vn -0.0001 0.0079 1.0000
vn 0.0013 0.0078 1.0000
vn 0.0093 -0.0035 1.0000
vn -0.0000 0.0011 1.0000
vn 0.0292 0.0441 0.9986
vn 0.5375 0.8433 -0.0000
vn -0.0000 -0.0000 -0.0000
vn -0.3535 -0.9354 -0.0000
vn -0.3473 -0.9378 -0.0000
vn 0.0026 0.0211 -0.9998
vn 0.0035 0.0218 -0.9998
vn 0.0292 0.0440 -0.9986
vn 0.8908 0.4543 -0.0000
vn 0.9694 0.2453 -0.0000
vn 0.9801 -0.1984 -0.0000
vn 0.7977 -0.6030 -0.0000
vn -0.0005 0.0183 -0.9998
vn -0.0000 0.0069 -1.0000
vn 0.0001 0.0048 -1.0000
vn 0.0003 0.0002 -1.0000
vn 0.4582 -0.8889 -0.0000
vn 0.0098 -0.0042 0.9999
vn 0.0283 -0.9996 -0.0000
vn -0.0085 0.0094 0.9999
vn 0.0218 0.1343 0.9907
vn 0.0202 0.1274 0.9916
vn 0.0216 0.1261 0.9918
vn -0.3544 -0.9351 -0.0000
vn -0.5447 -0.8386 -0.0000
vn -0.9617 0.2740 -0.0000
vn -0.9851 0.1721 -0.0000
vn -0.9776 0.2106 -0.0000
vn 0.1252 -0.5920 0.7962
vn 0.0009 0.9337 0.3581
vn -0.9848 -0.1736 -0.0000
vn -0.5835 -0.8121 -0.0000
vn -0.9387 -0.3448 -0.0000
vn 0.9820 -0.1887 -0.0001
vn 0.8918 -0.3418 0.2963
vn 0.8919 -0.3417 -0.2961
vn -0.0017 0.0034 1.0000
vn -0.0041 -0.0019 1.0000
vn 0.0607 0.3037 -0.9508
vn 0.2083 0.3561 -0.9110
vn -0.1443 0.9895 -0.0000
vn 0.0018 -0.0005 1.0000
vn -0.9921 0.1255 -0.0000
vn 0.2782 -0.0332 0.9600
vn 0.7314 -0.0872 0.6764
vn 0.8752 -0.1043 0.4724
vn 0.9858 -0.1175 0.1203
vn 0.2782 -0.0332 -0.9600
vn 0.7314 -0.0872 -0.6764
vn 0.8752 -0.1043 -0.4724
vn 0.9858 -0.1175 -0.1203
vn -1.0000 0.0002 -0.0004
vn 0.6806 -0.2020 -0.7043
vn 0.9040 -0.0195 0.4270
vn 0.6768 -0.2067 0.7066
vn 0.6791 -0.2073 0.7042
vn 0.9588 -0.2842 -0.0000
vn 0.5165 -0.1585 -0.8415
vn 0.4419 -0.3369 -0.8314
vn -0.0400 0.2199 -0.9747
vn -0.1184 -0.9930 -0.0000
vn -0.1025 0.6993 0.7074
vn 0.8337 0.5422 0.1047
vn 0.8337 0.5422 -0.1047
vn 0.9890 0.1477 -0.0002
vn -0.9529 0.3034 -0.0000
vn 0.6779 -0.2010 -0.7071
vn 0.2062 0.6772 -0.7063
vn 0.2085 0.6726 -0.7100
vn 0.1976 0.6935 -0.6928
vn -0.1238 0.0977 -0.9875
vn -1.0000 -0.0000 -0.0011
vn 0.9970 0.0780 -0.0002
vn 0.9970 0.0777 -0.0001
vn -0.1105 0.7025 -0.7031
vn -0.0395 -0.9789 -0.2003
vn -0.8488 0.5286 -0.0000
vn 0.0105 0.0106 -0.9999
vn 0.1959 0.6967 -0.6901
vn 0.9857 -0.1682 -0.0000
vn -0.0896 0.9850 -0.1474
vn -0.0414 0.9991 0.0078
vn 0.8677 -0.2702 -0.4172
vn 0.8392 -0.3568 -0.4104
vn 0.8330 -0.3727 -0.4088
vn -0.0000 0.0102 -0.9999
vn -0.7076 0.4115 0.5745
vn 0.9938 0.1110 0.0002
vn 0.7967 -0.4547 -0.3981
vn 0.0003 0.0011 1.0000
vn -0.6770 0.4779 0.5596
vn -0.0337 0.4432 -0.8958
vn -0.0064 0.0854 -0.9963
vn -0.0136 0.1797 -0.9836
vn -0.9999 0.0104 0.0008
vn -0.9998 0.0180 0.0008
vn -0.9915 0.1303 0.0014
vn 0.0487 0.2348 0.9708
vn 0.0693 0.2905 0.9544
vn 0.4421 0.8951 0.0570
vn -0.0785 0.9969 0.0040
vn -0.0793 0.9968 -0.0021
vn -0.0793 0.9968 0.0021
vn -0.0375 -0.9788 0.2012
vn -0.0763 0.9784 -0.1922
vn 0.4421 0.8951 -0.0569
vn -0.1200 -0.3933 0.9115
vn 0.0720 -0.3768 0.9235
vn -0.2038 0.3571 -0.9115
vn -0.0129 0.3835 -0.9235
vn -0.0607 -0.9240 -0.3776
vn 0.1321 -0.9145 -0.3825
vn -0.0607 -0.9240 0.3776
vn 0.1321 -0.9145 0.3825
vn -0.2631 0.8878 -0.3776
vn -0.0730 0.9211 -0.3825
vn -0.7288 0.2890 -0.6207
vn -0.1629 -0.9115 -0.3776
vn 0.0297 -0.9235 -0.3825
vn -0.1527 -0.3947 0.9060
vn -0.0937 -0.9222 -0.3753
vn 0.1026 -0.9182 -0.3827
vn -0.2950 0.8787 -0.3753
vn -0.2360 0.3513 0.9060
vn -0.2360 0.3513 -0.9060
vn -0.1200 -0.3933 -0.9115
vn -0.1527 -0.3947 -0.9060
vn -0.0937 -0.9222 0.3753
vn -0.2631 0.8878 0.3776
vn -0.2950 0.8787 0.3753
vn -0.1026 0.9182 -0.3827
vn -0.0425 0.3803 0.9239
vn 0.1026 -0.9182 0.3827
vn 0.0425 -0.3803 -0.9239
vn -0.0425 0.3803 -0.9239
vn -0.1026 0.9182 0.3827
vn 0.0425 -0.3803 0.9239
vn -0.0001 -0.6295 -0.7770
vn -0.9938 -0.1110 -0.0000
vn -0.0010 -0.3776 -0.9260
vn 0.2423 -0.9058 -0.3477
vn 0.4130 -0.8502 -0.3264
vn 0.0854 -0.9302 -0.3571
vn 0.2423 -0.9371 0.2511
vn 0.4130 -0.8797 0.2357
vn 0.0854 -0.9624 0.2579
vn 0.9980 0.0361 -0.0514
vn 0.1523 -0.3657 0.9182
vn 0.2627 -0.3460 0.9007
vn 0.1799 0.3955 -0.9007
vn 0.4862 0.3819 -0.7860
vn 0.2120 -0.9002 -0.3803
vn 0.3213 -0.8704 -0.3731
vn 0.0081 0.9248 -0.3803
vn 0.1213 0.9198 -0.3731
vn 0.0678 0.3903 0.9182
vn 0.1799 0.3955 0.9007
vn 0.2120 -0.9002 0.3803
vn 0.3213 -0.8704 0.3731
vn 0.1523 -0.3657 -0.9182
vn 0.2627 -0.3460 -0.9007
vn 0.0678 0.3903 -0.9182
vn 0.0081 0.9248 0.3803
vn 0.1213 0.9198 0.3731
vn 0.4862 0.3819 0.7860
vn 0.7002 0.3399 0.6279
vn 0.4350 0.8395 0.3256
vn 0.5585 -0.2652 0.7860
vn 0.6096 -0.7228 -0.3256
vn 0.4350 0.8395 -0.3256
vn 0.6096 -0.7228 0.3256
vn 0.5585 -0.2652 -0.7860
vn 0.7988 -0.5425 0.2601
vn 0.7579 -0.1770 -0.6279
vn 0.7002 0.3399 -0.6279
vn 0.6593 0.7054 0.2601
vn 0.7579 -0.1770 0.6279
vn 0.7988 -0.5425 -0.2601
vn 0.6593 0.7054 -0.2601
vn 0.0720 -0.3768 -0.9235
vn -0.1629 -0.3776 -0.9115
vn 0.0297 -0.3825 -0.9235
vn -0.0730 0.9211 0.3825
vn -0.2949 0.8787 -0.3753
vn -0.2949 0.8787 0.3753
vn -0.0017 0.0034 -1.0000
vn -0.0085 0.9335 0.3584
vn -0.1807 -0.0000 0.9835
vn -0.1918 -0.0001 0.9814
vn -0.1629 -0.3776 0.9115
vn 0.0297 -0.3825 0.9235
vn -0.1629 0.3776 0.9115
vn 0.0297 0.3825 0.9235
vn -0.1629 0.9115 -0.3776
vn 0.0297 0.9235 -0.3825
vn -0.1629 -0.9115 0.3776
vn 0.0297 -0.9235 0.3825
vn -0.1629 0.3776 -0.9115
vn 0.0297 0.3825 -0.9235
vn -0.1629 0.9115 0.3776
vn 0.0297 0.9235 0.3825
vn -0.1956 -0.3753 0.9060
vn -0.1956 -0.9060 -0.3753
vn -0.0000 -0.9239 -0.3827
vn -0.1956 0.9060 -0.3753
vn -0.1956 0.3753 0.9060
vn -0.1956 0.3753 -0.9060
vn -0.1956 -0.3753 -0.9060
vn -0.1956 -0.9060 0.3753
vn -0.1956 0.9060 0.3753
vn -0.0000 0.9239 -0.3827
vn -0.0000 0.3827 0.9239
vn -0.0000 -0.9239 0.3827
vn -0.0000 -0.3827 -0.9239
vn -0.0000 0.3827 -0.9239
vn -0.0000 0.9239 0.3827
vn -0.0000 -0.3827 0.9239
vn -0.0116 -0.0028 0.9999
vn -0.0223 -0.0059 0.9997
vn -0.0103 -0.0025 0.9999
vn -0.0166 -0.0417 0.9990
vn -0.0085 -0.5446 -0.8386
vn 0.2423 0.9371 -0.2511
vn 0.4130 0.8797 -0.2357
vn 0.0854 0.9624 -0.2579
vn 0.2423 0.6106 -0.7540
vn 0.4130 0.5731 -0.7078
vn 0.0854 0.6270 -0.7743
vn 0.1107 -0.3803 0.9182
vn 0.2227 -0.3731 0.9007
vn -0.1119 -0.9937 -0.0054
vn 0.2227 0.3731 -0.9007
vn 0.5256 0.3256 -0.7860
vn 0.1107 -0.9182 -0.3803
vn 0.2227 -0.9007 -0.3731
vn 0.1107 0.9182 -0.3803
vn 0.2227 0.9007 -0.3731
vn 0.1107 0.3803 0.9182
vn 0.2227 0.3731 0.9007
vn 0.1107 -0.9182 0.3803
vn 0.2227 -0.9007 0.3731
vn 0.1107 -0.3803 -0.9182
vn 0.2227 -0.3731 -0.9007
vn 0.1107 0.3803 -0.9182
vn 0.1107 0.9182 0.3803
vn 0.2227 0.9007 0.3731
vn 0.5256 0.3256 0.7860
vn 0.7336 0.2601 0.6279
vn 0.5256 0.7860 0.3256
vn 0.5256 -0.3256 0.7860
vn 0.5256 -0.7860 -0.3256
vn 0.5256 0.7860 -0.3256
vn 0.5256 -0.7860 0.3256
vn 0.5256 -0.3256 -0.7860
vn 0.7336 -0.6279 0.2601
vn 0.7336 -0.2601 -0.6279
vn 0.7336 0.2601 -0.6279
vn 0.7336 0.6279 0.2601
vn 0.7336 -0.2601 0.6279
vn 0.7336 -0.6279 -0.2601
vn 0.7336 0.6279 -0.2601
vn -0.5928 -0.8054 -0.0000
vn -0.5968 -0.8024 -0.0000
vn -0.6763 -0.7366 -0.0000
vn -0.6765 -0.7365 -0.0000
vn -0.0130 -0.9999 -0.0000
vn -0.0103 -0.9999 -0.0000
vn 0.4501 -0.8930 -0.0000
vn 0.4494 -0.8933 -0.0000
vn 0.7572 -0.6532 -0.0000
vn 0.7537 -0.6572 -0.0000
vn -0.0128 -0.0107 0.9999
vn -0.1155 0.0172 0.9932
vn 0.9341 -0.3570 -0.0000
vn 0.9319 -0.3627 -0.0000
vn -0.8226 -0.5687 -0.0000
vn -0.7713 -0.6365 -0.0000
vn -0.7690 -0.6393 -0.0000
vn -0.2577 -0.9662 -0.0000
vn -0.1711 -0.0723 0.9826
vn -0.1758 -0.0742 0.9816
vn -0.8434 -0.5373 -0.0000
vn -0.8700 0.4931 -0.0000
vn 0.9245 -0.3813 -0.0000
vn 0.9244 -0.3814 -0.0000
vn 0.8255 -0.5643 -0.0000
vn 0.0008 -1.0000 0.0010
vn -0.0001 -0.0002 1.0000
vn 0.9999 -0.0134 -0.0000
vn -0.6658 0.2476 0.7038
vn -0.6635 0.2448 0.7070
vn 0.0168 -0.0416 0.9990
vn -0.1939 0.9810 0.0024
vn 0.3164 -0.9486 0.0035
vn -0.4925 -0.2088 -0.8449
vn -0.4970 -0.2107 -0.8418
vn -0.6217 -0.2637 -0.7376
vn -0.3620 0.9118 -0.1939
vn 0.3711 -0.9140 -0.1639
vn -0.4993 -0.8664 -0.0000
vn -0.4994 -0.8664 -0.0000
vn -0.4988 -0.8667 -0.0000
vn 0.0122 -0.0022 0.9999
vn -1.0000 -0.0013 -0.0000
vn 0.0013 -0.3942 0.9190
vn 0.0003 -0.3093 0.9509
vn 0.0168 -0.0416 -0.9990
vn -0.1939 0.9810 -0.0024
vn 0.3164 -0.9486 -0.0035
vn -0.4925 -0.2088 0.8449
vn -0.4970 -0.2107 0.8418
vn -0.6217 -0.2637 0.7376
vn -0.3620 0.9118 0.1939
vn 0.3711 -0.9140 0.1639
vn 0.3832 0.9227 0.0426
vn 0.3826 0.9239 -0.0022
vn 0.9240 0.3824 -0.0000
vn 0.9231 0.3822 0.0436
vn 0.9240 -0.3824 -0.0000
vn 0.9231 -0.3822 0.0436
vn 0.3826 -0.9239 0.0016
vn 0.3815 -0.9233 0.0443
vn -0.0028 -0.1203 -0.9927
vn -0.3797 -0.9209 0.0878
vn -0.0682 0.0002 -0.9977
vn -0.3832 0.9194 0.0884
vn 0.3831 0.9195 0.0884
vn 0.9203 -0.3812 0.0881
vn -0.9203 -0.3811 0.0881
vn 0.3798 -0.9209 0.0878
vn -0.9203 0.3811 0.0881
vn 0.9203 0.3812 0.0881
vn 0.7143 0.0808 -0.6951
vn -0.0404 -0.0008 -0.9992
vn -0.0381 -0.1862 -0.9818
vn -0.0385 -0.2591 -0.9651
vn -0.0000 -0.1059 0.9944
vn -0.0335 -0.7280 -0.6848
vn -0.0067 -0.4474 -0.8943
vn 0.0914 0.8071 -0.5833
vn -0.9760 -0.2176 -0.0003
vn -0.9877 -0.1564 -0.0000
vn -0.9917 -0.1286 0.0001
vn 0.0061 -0.9999 -0.0160
vn 0.0346 -0.9952 -0.0916
vn 0.0023 -0.4756 0.8796
vn -0.0190 0.6885 -0.7250
vn -0.0285 0.8180 -0.5746
vn -0.4986 -0.8668 -0.0000
vn -0.0101 0.5542 -0.8323
vn -0.9999 -0.0000 0.0145
vn -0.9999 0.0003 0.0145
vn -0.9999 -0.0046 0.0154
vn 0.2644 -0.2501 -0.9314
vn -0.9998 -0.0188 0.0004
vn -0.5216 0.7528 -0.4015
vn -0.5580 0.7658 -0.3198
vn -0.4271 0.7028 -0.5689
vn -0.9999 -0.0054 -0.0151
vn -0.9999 -0.0014 -0.0146
vn -0.9999 0.0003 -0.0144
vn -0.9999 0.0070 -0.0114
vn -0.9999 0.0080 -0.0106
vn -0.9998 -0.0175 0.0040
vn -0.9998 -0.0173 -0.0039
vn 0.5188 -0.8391 0.1639
vn -0.1537 0.8577 0.4906
vn -0.4682 0.8713 0.1472
vn -0.4186 0.8715 0.2556
vn 0.2370 -0.3567 0.9037
vn 0.0297 -0.0807 0.9963
vn 0.1109 -0.1895 0.9756
vn -0.4964 0.6665 0.5563
vn -0.2768 0.5003 0.8204
vn -0.3668 0.5735 0.7325
vn -0.4280 0.8406 -0.3320
vn 0.1323 -0.8019 -0.5826
vn 0.2522 0.9664 -0.0498
vn 0.2955 0.9551 0.0194
vn 0.3350 0.9415 -0.0375
vn 0.2744 0.9616 0.0035
vn 0.2980 0.9546 0.0006
vn 0.2762 0.9603 0.0383
vn 0.3103 0.9498 0.0402
vn -0.0000 0.5446 0.8387
vn -0.0000 -0.0523 0.9986
vn -0.0000 -0.6293 0.7771
vn -0.0000 -0.5446 -0.8387
vn -0.0000 -0.9659 0.2588
vn -0.0000 -0.9336 -0.3584
vn -0.0000 0.0523 -0.9986
vn -0.0000 0.9659 -0.2588
vn -0.0000 0.6293 -0.7771
vn -0.0000 0.9336 0.3584
vn -0.8536 0.1348 0.5033
vn -0.9937 0.1123 0.0001
vn -0.9944 0.0863 0.0613
vn -0.8537 0.1348 -0.5030
vn -0.9944 0.0863 -0.0612
vn -0.9015 0.4035 0.1561
vn -0.9014 0.4038 -0.1564
vn -0.8010 -0.3132 -0.5102
vn -0.8022 -0.3119 0.5092
vn -0.5365 0.6723 0.5101
vn -0.5382 0.6716 -0.5092
vn -0.6026 0.7981 -0.0000
vn -0.7794 0.1366 0.6114
vn -0.7796 0.1367 -0.6112
vn 0.3598 0.9330 -0.0000
vn 0.5117 -0.8362 -0.1971
vn -0.4846 0.8482 -0.2137
vn -0.5444 0.6954 0.4692
vn 0.2965 -0.4349 0.8503
vn 0.1012 -0.8049 0.5848
vn -0.3601 0.6580 -0.6614
vn -0.0417 0.1667 -0.9851
vn -0.0010 -0.0139 0.9999
vn -0.0010 -0.0139 -0.9999
vn -0.0255 -0.0292 0.9992
vn 0.0063 0.0523 0.9986
vn 0.0022 -0.2535 0.9673
vn -0.0036 -0.6769 0.7361
vn -0.0042 -0.6756 -0.7373
vn -0.0037 -0.6769 -0.7361
vn -0.0042 -0.6758 -0.7371
vn -0.0034 -0.6790 -0.7341
vn -0.0035 -0.6789 -0.7342
vn -0.0035 -0.6765 -0.7364
vn -0.0034 -0.6782 -0.7349
vn -0.0035 -0.6760 -0.7369
vn -0.0034 -0.6780 -0.7351
vn -0.0034 -0.6771 -0.7359
vn -0.0034 -0.6788 -0.7343
vn -0.0035 -0.6771 -0.7359
vn -0.0034 -0.6784 -0.7347
vn -0.0035 -0.6777 -0.7353
vn -0.0035 -0.6783 -0.7347
vn 0.4222 0.8045 -0.4178
vn 0.3552 -0.8629 -0.3596
vn 0.3552 -0.8629 0.3596
vn 0.4216 0.8054 0.4166
vn 0.7072 0.0007 0.7071
vn 0.7073 -0.0021 -0.7069
vn 0.0065 0.5793 -0.8151
vn 0.0005 -0.0001 -1.0000
vn -0.0029 -0.7096 -0.7046
vn 0.0001 -0.0006 1.0000
vn -0.0029 -0.7096 0.7046
vn 0.0031 0.5772 0.8166
vn -0.3486 0.7911 -0.5026
vn -0.5206 0.3701 -0.7694
vn -0.5458 0.3603 -0.7565
vn -0.3035 0.4638 -0.8323
vn 0.6444 0.0488 -0.7631
vn 0.6924 0.2800 -0.6650
vn 0.6259 0.2669 -0.7328
vn -0.6302 0.3772 0.6786
vn -0.3494 0.7909 0.5023
vn -0.3028 0.4506 0.8398
vn 0.6924 0.2800 0.6650
vn 0.6444 0.0488 0.7631
vn 0.6259 0.2669 0.7328
vn -0.3384 0.4132 0.8455
vn 0.0671 0.6216 0.7805
vn 0.0859 0.6174 0.7820
vn -0.2071 0.8257 0.5247
vn -0.2078 0.8257 -0.5244
vn 0.0863 0.6163 -0.7828
vn 0.0676 0.6208 -0.7811
vn -0.4178 0.5574 -0.7174
vn 0.2456 0.5662 0.7868
vn 0.2509 0.5636 0.7870
vn 0.2499 0.5627 -0.7880
vn 0.2465 0.5643 -0.7879
vn 0.2889 0.5441 0.7877
vn 0.7126 0.2837 0.6416
vn 0.4910 0.0125 0.8711
vn 0.2888 0.5440 -0.7879
vn 0.4910 0.0125 -0.8711
vn 0.7126 0.2837 -0.6416
vn -0.7458 0.3038 -0.5929
vn -0.6500 0.2648 -0.7124
vn -0.5445 0.2214 -0.8090
vn -0.0973 0.9523 -0.2892
vn -0.2242 0.8820 -0.4146
vn 0.9527 -0.3040 0.0010
vn 0.6945 0.7168 -0.0619
vn 0.6854 0.7190 -0.1148
vn 0.4676 0.8383 -0.2804
vn 0.4221 0.8584 -0.2915
vn 0.3442 -0.1114 -0.9323
vn 0.5717 -0.1832 -0.7997
vn 0.0237 -0.0061 -0.9997
vn -0.0107 0.0059 -0.9999
vn -0.1261 0.0462 -0.9909
vn 0.1328 0.9545 -0.2669
vn 0.0613 0.9560 -0.2868
vn 0.1390 -0.0465 -0.9892
vn 0.2288 0.9342 -0.2738
vn 0.1519 0.9551 -0.2544
vn 0.2346 0.9322 -0.2755
vn -0.7458 0.3038 0.5929
vn -0.6535 0.2617 0.7103
vn -0.0973 0.9523 0.2892
vn -0.2242 0.8820 0.4146
vn 0.9527 -0.3040 -0.0010
vn 0.3442 -0.1114 0.9323
vn 0.5717 -0.1832 0.7997
vn 0.4221 0.8584 0.2915
vn 0.6854 0.7190 0.1148
vn 0.4676 0.8383 0.2804
vn 0.6945 0.7168 0.0619
vn -0.3209 0.1236 0.9390
vn -0.1264 0.0464 0.9909
vn -0.0109 0.0060 0.9999
vn 0.0236 -0.0061 0.9997
vn 0.1328 0.9545 0.2669
vn 0.0613 0.9560 0.2868
vn 0.1519 0.9551 0.2544
vn 0.2288 0.9342 0.2738
vn 0.2346 0.9322 0.2755
vn 0.1390 -0.0465 0.9892
vn -0.4470 0.5053 0.7382
vn -0.6145 0.5220 0.5915
vn -0.5835 0.5208 0.6231
vn -0.5466 0.4298 0.7187
vn -0.3047 0.6198 0.7232
vn -0.2991 0.6224 0.7233
vn -0.5427 0.4345 0.7188
vn -0.0063 0.6853 0.7283
vn 0.2334 0.6576 0.7163
vn 0.2202 0.6607 0.7176
vn -0.0002 0.6852 0.7284
vn -0.4163 0.4999 0.7595
vn -0.4655 -0.5218 0.7149
vn -0.5272 -0.4761 0.7039
vn -0.5375 -0.4634 0.7046
vn -0.4416 -0.5562 0.7040
vn -0.6856 -0.1596 0.7102
vn -0.6830 0.1518 0.7145
vn -0.6815 0.1578 0.7146
vn -0.6869 -0.1536 0.7103
vn -0.5835 0.5208 -0.6231
vn -0.6145 0.5220 -0.5915
vn -0.4470 0.5053 -0.7382
vn -0.5393 0.4317 -0.7231
vn -0.2975 0.6190 -0.7269
vn -0.3031 0.6164 -0.7268
vn -0.5431 0.4269 -0.7230
vn -0.0002 0.6818 -0.7315
vn 0.2183 0.6593 -0.7195
vn 0.2344 0.6559 -0.7176
vn -0.0063 0.6819 -0.7314
vn -0.4163 0.4999 -0.7595
vn -0.4911 -0.5523 -0.6736
vn -0.5307 -0.4574 -0.7136
vn -0.5203 -0.4701 -0.7130
vn -0.4609 -0.5696 -0.6805
vn -0.6801 -0.1522 -0.7172
vn -0.6762 0.1565 -0.7199
vn -0.6776 0.1505 -0.7199
vn -0.6788 -0.1582 -0.7171
vn -0.9380 0.0243 0.3457
vn -0.9770 0.0250 0.2119
vn -0.9786 0.1234 0.1644
vn -0.9257 0.2521 -0.2819
vn -0.6389 0.0158 -0.7692
vn -0.6823 0.0708 -0.7277
vn 0.3022 0.6393 0.7071
vn -0.5035 -0.4621 0.7300
vn 0.3022 0.6393 -0.7071
vn -0.5566 -0.5111 -0.6550
vn -0.9997 0.0253 -0.0000
vn -0.7369 -0.6760 -0.0000
vn -0.6460 -0.7634 -0.0000
vn -0.5448 -0.8385 -0.0000
vn -0.9016 -0.4325 -0.0000
vn -0.9751 -0.2216 -0.0000
vn -0.9750 0.2222 -0.0000
vn -0.7828 0.6223 -0.0000
vn -0.4364 0.8998 -0.0000
vn -0.0040 1.0000 -0.0000
vn 0.3247 0.9458 -0.0000
vn 0.4274 0.9041 -0.0000
vn -0.6404 0.7680 -0.0000
vn -0.7042 0.7100 -0.0000
vn -0.7628 0.6466 -0.0000
vn 0.3879 0.9217 -0.0000
vn -0.9003 0.3512 0.2570
vn -0.9089 0.3624 -0.2065
vn -0.9562 0.2716 -0.1089
vn -0.9174 0.3367 -0.2121
vn -0.8776 0.3155 -0.3609
vn -0.6272 0.2454 0.7392
vn -0.7213 0.2151 0.6584
vn -0.6490 0.2390 0.7223
vn -0.9625 0.2714 -0.0000
vn -0.9456 0.3254 -0.0000
vn -0.3518 -0.9361 0.0056
vn -0.3497 -0.9366 -0.0228
vn -0.3458 -0.9382 0.0113
vn -0.8291 0.3392 -0.4444
vn -0.6105 0.2501 0.7515
vn -0.3414 -0.9388 -0.0455
vt 0.280257 0.567222
vt 0.280279 0.577737
vt 0.062608 0.577716
vt 0.062584 0.567222
vt 0.221567 0.791804
vt 0.221186 0.800624
vt 0.003898 0.800598
vt 0.004286 0.791820
vt 0.221180 0.811471
vt 0.003895 0.811487
vt 0.568572 0.933370
vt 0.578184 0.933278
vt 0.585570 0.936094
vt 0.585570 0.969684
vt 0.580220 0.962777
vt 0.564523 0.940422
vt 0.563902 0.935255
vt 0.154586 0.515037
vt 0.155592 0.504595
vt 0.372307 0.525011
vt 0.371301 0.535454
vt 0.156520 0.494436
vt 0.373235 0.514852
vt 0.637260 0.003167
vt 0.718328 0.012858
vt 0.710738 0.014622
vt 0.636964 0.005800
vt 0.821717 0.542081
vt 0.832606 0.542081
vt 0.832624 0.759198
vt 0.821736 0.759198
vt 0.841427 0.542541
vt 0.841425 0.759658
vt 0.280289 0.557014
vt 0.062615 0.557025
vt 0.086493 0.508630
vt 0.085910 0.498030
vt 0.026157 0.738557
vt 0.003589 0.660656
vt 0.063199 0.649531
vt 0.068506 0.667851
vt 0.548783 0.187954
vt 0.548783 0.617973
vt 0.543202 0.539409
vt 0.543201 0.298836
vt 0.585570 0.642281
vt 0.583989 0.636952
vt 0.583988 0.629840
vt 0.585570 0.624511
vt 0.506946 0.565648
vt 0.506948 0.618000
vt 0.492564 0.618007
vt 0.500180 0.547343
vt 0.543201 0.269054
vt 0.543201 0.266011
vt 0.155863 0.857343
vt 0.153746 0.857343
vt 0.158084 0.846881
vt 0.159581 0.848377
vt 0.425123 0.233124
vt 0.414759 0.231516
vt 0.423501 0.231540
vt 0.963993 0.603459
vt 0.964080 0.613823
vt 0.963993 0.619860
vt 0.152922 0.532762
vt 0.147410 0.532243
vt 0.567117 0.962908
vt 0.527541 0.749449
vt 0.527538 0.786035
vt 0.276929 0.786035
vt 0.276932 0.749449
vt 0.648079 0.272961
vt 0.647955 0.266801
vt 0.703619 0.285102
vt 0.694188 0.287510
vt 0.650627 0.273798
vt 0.044138 0.393648
vt 0.012482 0.393644
vt 0.010811 0.275204
vt 0.045745 0.275207
vt 0.912950 0.258156
vt 0.909295 0.282174
vt 0.902909 0.304121
vt 0.901339 0.303304
vt 0.901503 0.260425
vt 0.035844 0.848233
vt 0.041607 0.856436
vt 0.036687 0.876008
vt 0.003319 0.860980
vt 0.015290 0.834453
vt 0.030908 0.843646
vt 0.101676 0.314606
vt 0.088825 0.313654
vt 0.096097 0.307882
vt 0.342099 0.187775
vt 0.400572 0.183258
vt 0.400657 0.201844
vt 0.342165 0.203240
vt 0.135059 0.311239
vt 0.135059 0.261824
vt 0.139798 0.261834
vt 0.139798 0.311249
vt 0.484217 0.423386
vt 0.491932 0.423236
vt 0.491930 0.493102
vt 0.484217 0.493250
vt 0.365322 0.849002
vt 0.365321 0.869149
vt 0.348695 0.869148
vt 0.348695 0.848998
vt 0.890743 0.412826
vt 0.890743 0.392679
vt 0.907370 0.392677
vt 0.907370 0.412827
vt 0.512960 0.570965
vt 0.512960 0.574007
vt 0.512959 0.565612
vt 0.543201 0.290937
vt 0.019573 0.618196
vt 0.002959 0.618171
vt 0.002948 0.580520
vt 0.005297 0.580523
vt 0.875356 0.290135
vt 0.878355 0.282950
vt 0.874394 0.353873
vt 0.907362 0.432326
vt 0.890748 0.432583
vt 0.348700 0.888646
vt 0.365314 0.888906
vt 0.002954 0.258360
vt 0.002953 0.255143
vt 0.005286 0.255144
vt 0.005303 0.258361
vt 0.005302 0.244075
vt 0.010057 0.246245
vt 0.002951 0.246749
vt 0.940439 0.292439
vt 0.932734 0.296742
vt 0.931804 0.286552
vt 0.935496 0.283801
vt 0.515997 0.571898
vt 0.515997 0.574941
vt 0.051259 0.255148
vt 0.051243 0.258365
vt 0.512960 0.592848
vt 0.515997 0.593782
vt 0.515997 0.617944
vt 0.600078 0.549884
vt 0.597025 0.550822
vt 0.598789 0.547284
vt 0.512960 0.581907
vt 0.051246 0.266718
vt 0.002962 0.246791
vt 0.002951 0.246791
vt 0.478552 0.901582
vt 0.478552 0.874698
vt 0.484632 0.874703
vt 0.484632 0.928471
vt 0.005304 0.518064
vt 0.005304 0.515030
vt 0.051244 0.515034
vt 0.051244 0.518069
vt 0.299668 0.915549
vt 0.302017 0.920238
vt 0.302017 0.956167
vt 0.299668 0.956167
vt 0.475075 0.143983
vt 0.477424 0.148673
vt 0.477424 0.172147
vt 0.475075 0.175407
vt 0.504885 0.538735
vt 0.543202 0.550350
vt 0.543202 0.558249
vt 0.504641 0.546560
vt 0.512960 0.584949
vt 0.543202 0.594116
vt 0.543202 0.602016
vt 0.567068 0.297448
vt 0.605784 0.285713
vt 0.571828 0.335154
vt 0.567068 0.335152
vt 0.543202 0.583175
vt 0.543202 0.591074
vt 0.730644 0.094957
vt 0.728294 0.091774
vt 0.728294 0.068860
vt 0.730644 0.064283
vt 0.543201 0.287894
vt 0.543201 0.279995
vt 0.589657 0.571896
vt 0.592691 0.570964
vt 0.592691 0.574006
vt 0.589657 0.574938
vt 0.358728 0.262658
vt 0.356378 0.266408
vt 0.356378 0.234216
vt 0.358728 0.238794
vt 0.127861 0.869807
vt 0.131448 0.878135
vt 0.129143 0.878551
vt 0.589657 0.617941
vt 0.589657 0.593779
vt 0.592691 0.592847
vt 0.598696 0.618002
vt 0.592691 0.581905
vt 0.562450 0.591072
vt 0.562450 0.583173
vt 0.598701 0.565651
vt 0.965399 0.047665
vt 0.965399 0.073970
vt 0.963050 0.077812
vt 0.963050 0.042976
vt 0.562450 0.569189
vt 0.562450 0.561289
vt 0.595975 0.559027
vt 0.556866 0.617972
vt 0.538588 0.556863
vt 0.538588 0.559906
vt 0.508629 0.550824
vt 0.506864 0.547287
vt 0.506854 0.547244
vt 0.601009 0.546560
vt 0.562450 0.558247
vt 0.562450 0.550348
vt 0.600765 0.538734
vt 0.720594 0.970876
vt 0.711322 0.970959
vt 0.710967 0.970098
vt 0.720948 0.970009
vt 0.162492 0.219116
vt 0.137321 0.229650
vt 0.125632 0.233027
vt 0.112255 0.235809
vt 0.100379 0.232942
vt 0.122541 0.120412
vt 0.132624 0.123441
vt 0.165012 0.892954
vt 0.163419 0.898075
vt 0.160048 0.894414
vt 0.161189 0.888395
vt 0.567067 0.548961
vt 0.562451 0.547306
vt 0.567067 0.545918
vt 0.957486 0.622498
vt 0.955149 0.620094
vt 0.955137 0.587120
vt 0.957486 0.582431
vt 0.035609 0.265089
vt 0.033260 0.261338
vt 0.033260 0.237474
vt 0.035609 0.232897
vt 0.945616 0.062687
vt 0.945616 0.093074
vt 0.943267 0.096276
vt 0.943267 0.058109
vt 0.454249 0.928451
vt 0.446935 0.928457
vt 0.446935 0.901573
vt 0.454249 0.874683
vt 0.904732 0.194891
vt 0.897092 0.190945
vt 0.896419 0.187387
vt 0.722731 0.629866
vt 0.720381 0.633049
vt 0.720381 0.602374
vt 0.722731 0.606952
vt 0.345539 0.957486
vt 0.343190 0.957486
vt 0.343190 0.921557
vt 0.345539 0.916868
vt 0.615904 0.471059
vt 0.615904 0.502482
vt 0.613554 0.499222
vt 0.613554 0.475748
vt 0.543202 0.561292
vt 0.543202 0.569191
vt 0.509676 0.559028
vt 0.505573 0.549885
vt 0.729325 0.055392
vt 0.726976 0.052209
vt 0.726976 0.029294
vt 0.729325 0.024717
vt 0.599750 0.965865
vt 0.600133 0.959489
vt 0.607017 0.963968
vt 0.610454 0.969356
vt 0.957486 0.854619
vt 0.957486 0.888890
vt 0.955153 0.888890
vt 0.115835 0.335140
vt 0.115835 0.325702
vt 0.123857 0.328769
vt 0.538586 0.223901
vt 0.538584 0.183666
vt 0.543201 0.225287
vt 0.630411 0.011513
vt 0.630411 0.034986
vt 0.628062 0.038247
vt 0.628062 0.006823
vt 0.902094 0.923427
vt 0.902094 0.956401
vt 0.902083 0.956401
vt 0.935066 0.750199
vt 0.935066 0.787354
vt 0.932716 0.787354
vt 0.932716 0.745621
vt 0.537061 0.170828
vt 0.537061 0.147354
vt 0.539410 0.142665
vt 0.539410 0.174088
vt 0.504111 0.535458
vt 0.502058 0.526936
vt 0.543202 0.547308
vt 0.053589 0.246796
vt 0.053577 0.246796
vt 0.053589 0.246754
vt 0.637294 0.205970
vt 0.639643 0.210659
vt 0.639643 0.234133
vt 0.637294 0.237393
vt 0.572381 0.168813
vt 0.570032 0.165552
vt 0.570032 0.142079
vt 0.572381 0.137389
vt 0.534423 0.909443
vt 0.534423 0.879055
vt 0.536773 0.874478
vt 0.536773 0.912645
vt 0.466733 0.586375
vt 0.461831 0.586971
vt 0.461831 0.405170
vt 0.469949 0.405365
vt 0.562450 0.602013
vt 0.562450 0.594114
vt 0.592691 0.584948
vt 0.562451 0.539406
vt 0.603593 0.526936
vt 0.601540 0.535457
vt 0.567067 0.559902
vt 0.567067 0.556860
vt 0.598800 0.547241
vt 0.892862 0.957486
vt 0.890513 0.957486
vt 0.890513 0.920331
vt 0.892862 0.915753
vt 0.726687 0.586344
vt 0.724338 0.589527
vt 0.724338 0.558852
vt 0.726687 0.563430
vt 0.562450 0.572231
vt 0.594187 0.562611
vt 0.592691 0.565610
vt 0.961731 0.240218
vt 0.964080 0.235528
vt 0.964080 0.270365
vt 0.961731 0.266522
vt 0.680816 0.921877
vt 0.680816 0.881646
vt 0.683165 0.876957
vt 0.683165 0.921877
vt 0.895789 0.313807
vt 0.898138 0.318497
vt 0.898138 0.358728
vt 0.895789 0.358728
vt 0.834833 0.253873
vt 0.834833 0.294104
vt 0.832484 0.294104
vt 0.832484 0.249183
vt 0.499969 0.234065
vt 0.543201 0.247171
vt 0.543201 0.255070
vt 0.499970 0.241965
vt 0.499970 0.277832
vt 0.499970 0.285731
vt 0.499970 0.266890
vt 0.499970 0.274789
vt 0.605681 0.231024
vt 0.562452 0.244127
vt 0.562452 0.236228
vt 0.605681 0.223125
vt 0.429284 0.475878
vt 0.402859 0.475887
vt 0.400910 0.470055
vt 0.429386 0.470045
vt 0.499975 0.212163
vt 0.499749 0.174399
vt 0.519227 0.177608
vt 0.499869 0.274772
vt 0.538587 0.286509
vt 0.538587 0.289551
vt 0.499869 0.277814
vt 0.974405 0.447605
vt 0.974406 0.440977
vt 0.989139 0.430940
vt 0.989139 0.457641
vt 0.238577 0.410106
vt 0.307025 0.411572
vt 0.299372 0.479210
vt 0.144952 0.442803
vt 0.728006 0.977067
vt 0.728006 0.987139
vt 0.727150 0.986789
vt 0.727150 0.977433
vt 0.956167 0.192552
vt 0.953818 0.192552
vt 0.953818 0.153280
vt 0.956167 0.148703
vt 0.556866 0.187955
vt 0.562452 0.255069
vt 0.562452 0.290936
vt 0.562451 0.298835
vt 0.556867 0.335196
vt 0.917921 0.985822
vt 0.911077 0.994213
vt 0.904234 0.997049
vt 0.904234 0.985819
vt 0.911077 0.982983
vt 0.864119 0.772127
vt 0.856802 0.772512
vt 0.860832 0.747708
vt 0.864895 0.749274
vt 0.973024 0.435959
vt 0.970941 0.438071
vt 0.092155 0.263904
vt 0.090772 0.277997
vt 0.062297 0.307813
vt 0.499970 0.255949
vt 0.543201 0.276953
vt 0.499970 0.263848
vt 0.129247 0.910301
vt 0.129247 0.949573
vt 0.126898 0.949573
vt 0.126898 0.905723
vt 0.436828 0.814971
vt 0.439178 0.819660
vt 0.439178 0.859891
vt 0.436828 0.859891
vt 0.432583 0.915576
vt 0.432583 0.954848
vt 0.430234 0.954848
vt 0.430234 0.910998
vt 0.957486 0.534535
vt 0.957486 0.573700
vt 0.955137 0.573659
vt 0.955137 0.529957
vt 0.461831 0.617580
vt 0.461831 0.602705
vt 0.466733 0.603537
vt 0.469949 0.617775
vt 0.051243 0.547775
vt 0.051243 0.550810
vt 0.005303 0.550805
vt 0.005303 0.547770
vt 0.538586 0.234843
vt 0.538586 0.231801
vt 0.543201 0.233187
vt 0.543201 0.236229
vt 0.398043 0.420625
vt 0.394787 0.413490
vt 0.391302 0.395172
vt 0.051244 0.525948
vt 0.005304 0.525943
vt 0.543201 0.258112
vt 0.430135 0.165668
vt 0.428748 0.163825
vt 0.439128 0.165583
vt 0.538588 0.538023
vt 0.538587 0.297450
vt 0.538587 0.267668
vt 0.538587 0.264625
vt 0.963953 0.117495
vt 0.964080 0.107509
vt 0.964080 0.142436
vt 0.567071 0.183664
vt 0.586427 0.177607
vt 0.605904 0.174399
vt 0.605678 0.212162
vt 0.567069 0.223900
vt 0.567067 0.589684
vt 0.589657 0.582837
vt 0.589657 0.585879
vt 0.567067 0.592727
vt 0.605685 0.220083
vt 0.562452 0.233186
vt 0.562452 0.225287
vt 0.605534 0.212182
vt 0.562452 0.247170
vt 0.131087 0.841013
vt 0.127338 0.850808
vt 0.122131 0.846617
vt 0.127321 0.836647
vt 0.955137 0.620094
vt 0.221365 0.815899
vt 0.261133 0.957207
vt 0.259387 0.958805
vt 0.246329 0.942186
vt 0.247549 0.937358
vt 0.255254 0.941660
vt 0.896409 0.198431
vt 0.896489 0.194856
vt 0.953530 0.011542
vt 0.953530 0.055392
vt 0.951180 0.055392
vt 0.951180 0.016120
vt 0.958805 0.416716
vt 0.956456 0.416757
vt 0.956456 0.377592
vt 0.958805 0.373014
vt 0.967494 0.440977
vt 0.846821 0.352133
vt 0.846817 0.259807
vt 0.849567 0.275512
vt 0.849560 0.351575
vt 0.970956 0.450511
vt 0.968879 0.452623
vt 0.967494 0.447606
vt 0.634337 0.894491
vt 0.634368 0.902617
vt 0.630618 0.902613
vt 0.447299 0.586370
vt 0.447299 0.603532
vt 0.444070 0.617768
vt 0.930079 0.476105
vt 0.930079 0.435874
vt 0.932428 0.431185
vt 0.932428 0.476105
vt 0.499970 0.245007
vt 0.499970 0.252906
vt 0.954848 0.238384
vt 0.954848 0.282234
vt 0.952499 0.282234
vt 0.952499 0.242962
vt 0.956167 0.064296
vt 0.956167 0.108146
vt 0.953818 0.108146
vt 0.953818 0.068874
vt 0.828527 0.847942
vt 0.830876 0.852632
vt 0.830876 0.892862
vt 0.828527 0.892862
vt 0.183320 0.832849
vt 0.183320 0.873080
vt 0.180971 0.873080
vt 0.180971 0.828159
vt 0.950892 0.842746
vt 0.948543 0.842746
vt 0.948543 0.798896
vt 0.950892 0.803474
vt 0.936384 0.627694
vt 0.936384 0.672614
vt 0.934035 0.672614
vt 0.934035 0.632383
vt 0.499969 0.223124
vt 0.543201 0.244128
vt 0.499969 0.231023
vt 0.837759 0.846623
vt 0.840108 0.851313
vt 0.840108 0.891544
vt 0.837759 0.891544
vt 0.145362 0.847937
vt 0.147711 0.852627
vt 0.147711 0.892858
vt 0.145362 0.892862
vt 0.954848 0.660417
vt 0.954848 0.704267
vt 0.952499 0.704266
vt 0.952499 0.664994
vt 0.500116 0.212181
vt 0.499965 0.220081
vt 0.605681 0.241966
vt 0.605681 0.234067
vt 0.117666 0.925829
vt 0.117666 0.885598
vt 0.120015 0.880909
vt 0.120015 0.925834
vt 0.955137 0.519627
vt 0.955137 0.480355
vt 0.957486 0.475778
vt 0.957486 0.519628
vt 0.374907 0.469857
vt 0.374907 0.424686
vt 0.382467 0.426977
vt 0.382467 0.472149
vt 0.125522 0.243119
vt 0.138006 0.240998
vt 0.461831 0.194123
vt 0.465710 0.193724
vt 0.469175 0.326858
vt 0.461831 0.326672
vt 0.436851 0.618156
vt 0.436851 0.188906
vt 0.444070 0.191221
vt 0.600853 0.538720
vt 0.601644 0.535438
vt 0.515997 0.582840
vt 0.538588 0.589688
vt 0.538588 0.592731
vt 0.515997 0.585882
vt 0.280452 0.966052
vt 0.280097 0.966920
vt 0.270826 0.967003
vt 0.270471 0.966142
vt 0.477108 0.405757
vt 0.477108 0.618167
vt 0.772969 0.963765
vt 0.766174 0.970684
vt 0.764239 0.969892
vt 0.772168 0.961820
vt 0.562450 0.580130
vt 0.664701 0.419675
vt 0.659847 0.416297
vt 0.660756 0.363584
vt 0.452218 0.617577
vt 0.452218 0.602703
vt 0.142927 0.421184
vt 0.133377 0.417605
vt 0.199724 0.415424
vt 0.903122 0.375244
vt 0.907369 0.373484
vt 0.895933 0.382095
vt 0.112035 0.115003
vt 0.078403 0.101680
vt 0.083606 0.085893
vt 0.088296 0.084220
vt 0.093162 0.088047
vt 0.167562 0.850807
vt 0.172770 0.846616
vt 0.172770 0.869202
vt 0.168531 0.862552
vt 0.567069 0.234841
vt 0.567069 0.231799
vt 0.501957 0.526918
vt 0.499869 0.518257
vt 0.499869 0.285713
vt 0.130666 0.421705
vt 0.122785 0.413573
vt 0.117858 0.392865
vt 0.130574 0.352080
vt 0.135264 0.353545
vt 0.725368 0.262696
vt 0.721076 0.275869
vt 0.713650 0.282861
vt 0.568127 0.885748
vt 0.596791 0.885748
vt 0.596819 0.893352
vt 0.568101 0.893352
vt 0.499247 0.925834
vt 0.508609 0.910729
vt 0.526078 0.910729
vt 0.535454 0.925834
vt 0.098196 0.484958
vt 0.095731 0.486530
vt 0.087124 0.480630
vt 0.087124 0.472306
vt 0.095730 0.466408
vt 0.098196 0.467982
vt 0.452218 0.405167
vt 0.452218 0.586968
vt 0.534838 0.122801
vt 0.529919 0.103229
vt 0.539692 0.119348
vt 0.926856 0.278416
vt 0.929106 0.275632
vt 0.447394 0.405280
vt 0.580814 0.121571
vt 0.557304 0.115871
vt 0.552682 0.095608
vt 0.604033 0.114722
vt 0.135841 0.433096
vt 0.135842 0.457917
vt 0.118457 0.457917
vt 0.118456 0.433095
vt 0.122342 0.431505
vt 0.131955 0.431505
vt 0.398222 0.483499
vt 0.381426 0.483585
vt 0.618116 0.518337
vt 0.618121 0.618029
vt 0.613070 0.618013
vt 0.613038 0.518325
vt 0.429850 0.234914
vt 0.425111 0.234882
vt 0.324437 0.450889
vt 0.319513 0.471598
vt 0.311633 0.479730
vt 0.301141 0.483780
vt 0.311714 0.410106
vt 0.766174 0.980382
vt 0.772969 0.987179
vt 0.772168 0.989139
vt 0.764239 0.981208
vt 0.757135 0.937318
vt 0.750334 0.940012
vt 0.750346 0.934777
vt 0.718013 0.015492
vt 0.926856 0.312289
vt 0.941660 0.297267
vt 0.928601 0.313887
vt 0.409117 0.179237
vt 0.409138 0.183218
vt 0.824985 0.981493
vt 0.826920 0.982285
vt 0.818991 0.990357
vt 0.818189 0.988412
vt 0.513272 0.560131
vt 0.515060 0.563715
vt 0.511464 0.562612
vt 0.972752 0.076388
vt 0.972382 0.047299
vt 0.979907 0.047299
vt 0.979540 0.076388
vt 0.894226 0.623958
vt 0.917369 0.640502
vt 0.915807 0.648770
vt 0.757021 0.288437
vt 0.757011 0.548631
vt 0.720327 0.548631
vt 0.720299 0.288437
vt 0.723047 0.282412
vt 0.754272 0.282412
vt 0.868308 0.534930
vt 0.868308 0.634368
vt 0.859710 0.634367
vt 0.859710 0.534929
vt 0.348695 0.829805
vt 0.352942 0.831565
vt 0.360131 0.838416
vt 0.907967 0.114282
vt 0.931109 0.097738
vt 0.909529 0.122549
vt 0.219310 0.530956
vt 0.220525 0.529362
vt 0.224192 0.528330
vt 0.224205 0.544489
vt 0.219321 0.544503
vt 0.596841 0.902288
vt 0.601326 0.902478
vt 0.596842 0.914538
vt 0.613147 0.902617
vt 0.609401 0.902604
vt 0.609432 0.894491
vt 0.921066 0.632235
vt 0.308296 0.903057
vt 0.307260 0.832101
vt 0.317574 0.866286
vt 0.319728 0.902720
vt 0.343091 0.480478
vt 0.349767 0.486666
vt 0.346701 0.490266
vt 0.338908 0.482436
vt 0.852068 0.772512
vt 0.854381 0.772390
vt 0.855183 0.808547
vt 0.852068 0.826512
vt 0.874460 0.534744
vt 0.874460 0.634181
vt 0.459909 0.378159
vt 0.455028 0.377536
vt 0.456455 0.357302
vt 0.459420 0.362428
vt 0.915807 0.657038
vt 0.894226 0.681836
vt 0.524258 0.166540
vt 0.524258 0.156927
vt 0.526222 0.152017
vt 0.526222 0.171451
vt 0.491478 0.325740
vt 0.493250 0.320830
vt 0.493250 0.340264
vt 0.491478 0.335353
vt 0.113421 0.089682
vt 0.111374 0.086321
vt 0.111374 0.078793
vt 0.113421 0.075431
vt 0.960593 0.116695
vt 0.963761 0.132910
vt 0.960379 0.133856
vt 0.013189 0.080450
vt 0.011311 0.077088
vt 0.011311 0.069560
vt 0.013189 0.066199
vt 0.679209 0.956822
vt 0.675844 0.955874
vt 0.675652 0.940459
vt 0.678994 0.939661
vt 0.658107 0.975946
vt 0.658107 0.993095
vt 0.643856 0.993094
vt 0.643856 0.975945
vt 0.258495 0.491932
vt 0.250967 0.491932
vt 0.250969 0.481953
vt 0.258491 0.481953
vt 0.298910 0.047381
vt 0.293069 0.049758
vt 0.151979 0.049758
vt 0.151992 0.002948
vt 0.293083 0.002948
vt 0.298922 0.005326
vt 0.051243 0.561723
vt 0.051243 0.569602
vt 0.005303 0.569597
vt 0.005303 0.561719
vt 0.376972 0.408180
vt 0.366155 0.405347
vt 0.366047 0.395256
vt 0.385119 0.401390
vt 0.966989 0.210700
vt 0.967692 0.205151
vt 0.967693 0.226694
vt 0.497592 0.092038
vt 0.505120 0.092038
vt 0.504683 0.101552
vt 0.498031 0.101552
vt 0.723624 0.962501
vt 0.723899 0.945002
vt 0.732945 0.964080
vt 0.895935 0.278336
vt 0.895514 0.255263
vt 0.314796 0.372290
vt 0.329185 0.381344
vt 0.296740 0.372053
vt 0.296629 0.366189
vt 0.400909 0.440228
vt 0.979514 0.079131
vt 0.972753 0.079131
vt 0.405569 0.504743
vt 0.400398 0.500117
vt 0.413758 0.483504
vt 0.990403 0.702948
vt 0.983751 0.702948
vt 0.983697 0.688919
vt 0.990457 0.688919
vt 0.895514 0.300315
vt 0.961598 0.035030
vt 0.963057 0.005974
vt 0.965870 0.003397
vt 0.979907 0.003257
vt 0.979907 0.038247
vt 0.494162 0.047381
vt 0.490582 0.035046
vt 0.494155 0.035046
vt 0.348177 0.159940
vt 0.348177 0.180683
vt 0.342123 0.180683
vt 0.342123 0.159940
vt 0.108114 0.027618
vt 0.128857 0.027615
vt 0.128866 0.047027
vt 0.108123 0.047030
vt 0.965399 0.750425
vt 0.957117 0.750426
vt 0.957117 0.712422
vt 0.965399 0.712421
vt 0.113421 0.971973
vt 0.106218 0.971971
vt 0.106218 0.933967
vt 0.113421 0.933969
vt 0.499868 0.252889
vt 0.499868 0.255931
vt 0.500860 0.932670
vt 0.534135 0.932668
vt 0.534135 0.970672
vt 0.500860 0.970675
vt 0.974405 0.457641
vt 0.970943 0.454735
vt 0.973020 0.452623
vt 0.089423 0.029643
vt 0.089423 0.010077
vt 0.091923 0.010192
vt 0.091923 0.029101
vt 0.921877 0.305974
vt 0.918024 0.300049
vt 0.921877 0.289574
vt 0.110784 0.875122
vt 0.104790 0.880286
vt 0.093354 0.878016
vt 0.372915 0.920205
vt 0.355664 0.915414
vt 0.366870 0.917536
vt 0.064476 0.004249
vt 0.060597 0.003147
vt 0.094957 0.003147
vt 0.091079 0.004249
vt 0.131823 0.050112
vt 0.105168 0.050116
vt 0.862901 0.354318
vt 0.860894 0.353878
vt 0.860998 0.290137
vt 0.868179 0.293112
vt 0.867677 0.354771
vt 0.714817 0.657133
vt 0.709936 0.657756
vt 0.710425 0.642026
vt 0.713391 0.636901
vt 0.060560 0.488080
vt 0.068388 0.488360
vt 0.068209 0.495092
vt 0.060290 0.497207
vt 0.144800 0.495006
vt 0.144789 0.454551
vt 0.147701 0.455433
vt 0.147711 0.495888
vt 0.104498 0.933945
vt 0.104498 0.971993
vt 0.098385 0.966297
vt 0.098385 0.939641
vt 0.643088 0.969354
vt 0.637255 0.963706
vt 0.667339 0.969356
vt 0.005302 0.255147
vt 0.005303 0.247325
vt 0.218929 0.472347
vt 0.218929 0.491932
vt 0.212382 0.474938
vt 0.200513 0.487975
vt 0.200513 0.468386
vt 0.207060 0.470981
vt 0.318657 0.408740
vt 0.324437 0.406939
vt 0.324437 0.427308
vt 0.121818 0.003981
vt 0.121826 0.023535
vt 0.115198 0.023536
vt 0.115189 0.003986
vt 0.099445 0.293335
vt 0.100233 0.295423
vt 0.097642 0.294795
vt 0.051242 0.255152
vt 0.908600 0.311249
vt 0.917921 0.279217
vt 0.968879 0.435959
vt 0.820582 0.893052
vt 0.822963 0.898739
vt 0.813690 0.893457
vt 0.167046 0.869798
vt 0.165747 0.878550
vt 0.163380 0.878110
vt 0.967494 0.457641
vt 0.543202 0.572233
vt 0.295933 0.243235
vt 0.296742 0.245306
vt 0.294141 0.244687
vt 0.971293 0.435963
vt 0.970956 0.433847
vt 0.294141 0.241978
vt 0.971293 0.452627
vt 0.097642 0.292086
vt 0.491932 0.928470
vt 0.491932 0.874701
vt 0.180409 0.268164
vt 0.180398 0.227708
vt 0.183310 0.228590
vt 0.183320 0.269046
vt 0.167579 0.836646
vt 0.163813 0.841013
vt 0.158020 0.835569
vt 0.160390 0.830181
vt 0.046160 0.965373
vt 0.043516 0.969490
vt 0.037185 0.971993
vt 0.030853 0.969489
vt 0.028209 0.965372
vt 0.028209 0.932721
vt 0.046158 0.932722
vt 0.118457 0.473667
vt 0.135841 0.473667
vt 0.118462 0.490612
vt 0.118456 0.484949
vt 0.135841 0.484950
vt 0.135835 0.490613
vt 0.317109 0.718512
vt 0.319162 0.742513
vt 0.316601 0.736090
vt 0.627773 0.945529
vt 0.623717 0.950458
vt 0.620776 0.942790
vt 0.621158 0.936413
vt 0.136880 0.835569
vt 0.134511 0.830182
vt 0.377190 0.946324
vt 0.372913 0.952697
vt 0.355209 0.950518
vt 0.355225 0.927411
vt 0.377192 0.926577
vt 0.621158 0.965888
vt 0.615214 0.963548
vt 0.621593 0.958387
vt 0.627773 0.956787
vt 0.538588 0.581789
vt 0.538588 0.578747
vt 0.543202 0.580133
vt 0.423804 0.225016
vt 0.414812 0.224931
vt 0.425192 0.223173
vt 0.571828 0.405145
vt 0.605784 0.518255
vt 0.603697 0.526916
vt 0.567067 0.538019
vt 0.567068 0.405143
vt 0.917921 0.997052
vt 0.743328 0.863580
vt 0.735695 0.860315
vt 0.744011 0.860025
vt 0.161557 0.901325
vt 0.157865 0.897330
vt 0.002954 0.518064
vt 0.002955 0.515030
vt 0.833360 0.948306
vt 0.844248 0.948314
vt 0.855893 0.953186
vt 0.821663 0.953186
vt 0.824556 0.941906
vt 0.819215 0.947491
vt 0.817730 0.940235
vt 0.194099 0.227582
vt 0.194795 0.222989
vt 0.329409 0.273291
vt 0.347350 0.284334
vt 0.136608 0.897335
vt 0.140956 0.900725
vt 0.136771 0.904777
vt 0.132880 0.901325
vt 0.004278 0.820326
vt 0.221563 0.820326
vt 0.319307 0.861077
vt 0.318442 0.831770
vt 0.538588 0.545922
vt 0.538588 0.548964
vt 0.504800 0.538722
vt 0.504010 0.535440
vt 0.264270 0.973677
vt 0.264270 0.983033
vt 0.263413 0.983399
vt 0.263413 0.973327
vt 0.955137 0.888906
vt 0.955137 0.850041
vt 0.385619 0.411844
vt 0.348133 0.279612
vt 0.545720 0.138027
vt 0.548632 0.138908
vt 0.548642 0.179364
vt 0.545730 0.178482
vt 0.043999 0.479435
vt 0.053597 0.275208
vt 0.053593 0.507156
vt 0.051244 0.507155
vt 0.429285 0.617221
vt 0.410693 0.617227
vt 0.411027 0.504698
vt 0.956456 0.464219
vt 0.956456 0.429949
vt 0.958789 0.464219
vt 0.972394 0.267727
vt 0.972065 0.261908
vt 0.976940 0.261907
vt 0.977269 0.267725
vt 0.224194 0.547309
vt 0.219310 0.547323
vt 0.211006 0.543195
vt 0.206122 0.543184
vt 0.206134 0.527010
vt 0.209801 0.528042
vt 0.211016 0.529637
vt 0.972065 0.240768
vt 0.972394 0.235001
vt 0.977269 0.234999
vt 0.976940 0.240767
vt 0.957846 0.781219
vt 0.957851 0.769430
vt 0.962735 0.769431
vt 0.962729 0.781220
vt 0.971904 0.255036
vt 0.971904 0.247615
vt 0.976779 0.247614
vt 0.976779 0.255035
vt 0.981629 0.287386
vt 0.981629 0.282211
vt 0.986501 0.282210
vt 0.986501 0.287386
vt 0.964074 0.814305
vt 0.964080 0.826095
vt 0.959197 0.826096
vt 0.959191 0.814306
vt 0.388350 0.420992
vt 0.382565 0.416212
vt 0.396281 0.420787
vt 0.957878 0.759472
vt 0.962762 0.759473
vt 0.981552 0.291077
vt 0.986424 0.291076
vt 0.375137 0.412494
vt 0.981552 0.278518
vt 0.986423 0.278517
vt 0.957858 0.788411
vt 0.962742 0.788412
vt 0.785404 0.863707
vt 0.778525 0.863302
vt 0.781397 0.854079
vt 0.964067 0.833277
vt 0.959183 0.833277
vt 0.206132 0.545992
vt 0.211016 0.546004
vt 0.964045 0.804343
vt 0.959161 0.804344
vt 0.121393 0.075654
vt 0.121393 0.106523
vt 0.119847 0.106827
vt 0.119847 0.075314
vt 0.855185 0.954848
vt 0.822353 0.954848
vt 0.605695 0.938731
vt 0.599750 0.936390
vt 0.610454 0.932922
vt 0.613892 0.938310
vt 0.962762 0.794001
vt 0.961551 0.795575
vt 0.957887 0.796586
vt 0.542420 0.970221
vt 0.542420 0.938289
vt 0.546004 0.937843
vt 0.546004 0.970675
vt 0.359055 0.285670
vt 0.296535 0.354785
vt 0.158262 0.454949
vt 0.158262 0.486461
vt 0.154539 0.486656
vt 0.154539 0.454725
vt 0.142436 0.088670
vt 0.142432 0.093845
vt 0.141354 0.097536
vt 0.137961 0.101881
vt 0.135058 0.104039
vt 0.135059 0.078442
vt 0.137974 0.080624
vt 0.141364 0.084977
vt 0.100225 0.079725
vt 0.111168 0.110101
vt 0.959161 0.838843
vt 0.964035 0.841427
vt 0.960371 0.840416
vt 0.460549 0.114416
vt 0.466687 0.109535
vt 0.466660 0.120087
vt 0.693274 0.748635
vt 0.693716 0.757757
vt 0.687719 0.762375
vt 0.693673 0.769020
vt 0.687457 0.773704
vt 0.693163 0.778122
vt 0.236607 0.814180
vt 0.230468 0.817953
vt 0.230501 0.807406
vt 0.236616 0.802502
vt 0.230476 0.796550
vt 0.463116 0.133347
vt 0.469511 0.130685
vt 0.468946 0.139757
vt 0.468741 0.151018
vt 0.462639 0.155624
vt 0.165975 0.642191
vt 0.165792 0.634255
vt 0.466873 0.636962
vt 0.305974 0.249263
vt 0.301856 0.241090
vt 0.305974 0.235946
vt 0.460613 0.102683
vt 0.466769 0.098683
vt 0.599316 0.943891
vt 0.593135 0.945491
vt 0.093453 0.321276
vt 0.093518 0.335218
vt 0.080658 0.342464
vt 0.053593 0.539896
vt 0.051244 0.539896
vt 0.051244 0.536862
vt 0.053593 0.536862
vt 0.967495 0.430941
vt 0.478552 0.928466
vt 0.559492 0.970675
vt 0.556026 0.960365
vt 0.559316 0.950003
vt 0.394337 0.441711
vt 0.388557 0.460279
vt 0.388557 0.439910
vt 0.051243 0.572637
vt 0.005303 0.572632
vt 0.060951 0.613441
vt 0.060988 0.606366
vt 0.362684 0.609872
vt 0.165792 0.649857
vt 0.466870 0.645162
vt 0.060951 0.621618
vt 0.362665 0.617899
vt 0.621179 0.077800
vt 0.621124 0.085725
vt 0.320023 0.084714
vt 0.623726 0.092500
vt 0.630411 0.092473
vt 0.630411 0.394181
vt 0.060987 0.627773
vt 0.362684 0.625416
vt 0.620931 0.070120
vt 0.319917 0.076519
vt 0.622565 0.394239
vt 0.614759 0.394337
vt 0.945905 0.524903
vt 0.945905 0.481053
vt 0.948254 0.485631
vt 0.948254 0.524903
vt 0.673933 0.920558
vt 0.671584 0.920558
vt 0.671584 0.880327
vt 0.673933 0.875638
vt 0.760977 0.925834
vt 0.758628 0.925834
vt 0.758628 0.885603
vt 0.760977 0.880913
vt 0.945905 0.588207
vt 0.945905 0.544358
vt 0.948254 0.548936
vt 0.948254 0.588208
vt 0.949573 0.789992
vt 0.947224 0.789992
vt 0.947224 0.746142
vt 0.949573 0.750720
vt 0.858932 0.928522
vt 0.856435 0.931588
vt 0.853079 0.921241
vt 0.855191 0.918725
vt 0.710967 0.994414
vt 0.711322 0.993547
vt 0.720594 0.993464
vt 0.720948 0.994325
vt 0.447521 0.326930
vt 0.469865 0.389407
vt 0.469865 0.344236
vt 0.477424 0.346528
vt 0.477424 0.391699
vt 0.114740 0.266078
vt 0.114740 0.311249
vt 0.107181 0.308957
vt 0.107181 0.263786
vt 0.158084 0.867804
vt 0.159581 0.866309
vt 0.605681 0.277833
vt 0.605680 0.285732
vt 0.851188 0.255157
vt 0.884535 0.255156
vt 0.888906 0.259807
vt 0.886154 0.275512
vt 0.096894 0.251259
vt 0.093638 0.258394
vt 0.144329 0.122106
vt 0.297572 0.065360
vt 0.307891 0.157182
vt 0.195140 0.192558
vt 0.062297 0.112212
vt 0.071503 0.108854
vt 0.090772 0.307824
vt 0.477108 0.335896
vt 0.469950 0.335547
vt 0.469949 0.191228
vt 0.477108 0.188918
vt 0.592382 0.560128
vt 0.590594 0.563713
vt 0.039735 0.844508
vt 0.043812 0.848879
vt 0.403386 0.246450
vt 0.408076 0.248123
vt 0.413279 0.263911
vt 0.379645 0.277232
vt 0.398519 0.250277
vt 0.971395 0.951648
vt 0.975585 0.956116
vt 0.967545 0.955164
vt 0.104966 0.923164
vt 0.103396 0.923981
vt 0.097009 0.902034
vt 0.481294 0.940422
vt 0.481959 0.940678
vt 0.486894 0.964322
vt 0.483576 0.974631
vt 0.452219 0.326722
vt 0.452218 0.194120
vt 0.974631 0.825601
vt 0.970283 0.820630
vt 0.974631 0.797362
vt 0.643088 0.931350
vt 0.667339 0.931352
vt 0.637251 0.937006
vt 0.877772 0.017017
vt 0.886867 0.005374
vt 0.888903 0.016992
vt 0.978588 0.756209
vt 0.978588 0.784715
vt 0.973062 0.784717
vt 0.973062 0.756211
vt 0.878278 0.993095
vt 0.871156 0.985961
vt 0.872021 0.985603
vt 0.878637 0.992229
vt 0.110246 0.321359
vt 0.703910 0.987355
vt 0.703910 0.977283
vt 0.704766 0.977633
vt 0.704766 0.986990
vt 0.285811 0.595518
vt 0.280275 0.595518
vt 0.348678 0.577716
vt 0.567067 0.617933
vt 0.567067 0.600626
vt 0.824985 0.971795
vt 0.818189 0.964998
vt 0.818991 0.963038
vt 0.826920 0.970969
vt 0.854521 0.989139
vt 0.835187 0.981139
vt 0.835187 0.969805
vt 0.862529 0.981117
vt 0.248123 0.832060
vt 0.248123 0.912609
vt 0.235474 0.912645
vt 0.235474 0.832096
vt 0.428627 0.807993
vt 0.428627 0.888336
vt 0.417694 0.888906
vt 0.417694 0.808563
vt 0.404191 0.888905
vt 0.404191 0.808562
vt 0.393277 0.888333
vt 0.393277 0.807990
vt 0.910007 0.534036
vt 0.910007 0.614585
vt 0.897363 0.614546
vt 0.897363 0.533997
vt 0.884350 0.614575
vt 0.884350 0.534027
vt 0.910007 0.829603
vt 0.910007 0.910007
vt 0.899121 0.909526
vt 0.899121 0.829121
vt 0.885619 0.909522
vt 0.885619 0.829117
vt 0.160053 0.931080
vt 0.161635 0.939102
vt 0.153613 0.943924
vt 0.150262 0.930921
vt 0.874658 0.909997
vt 0.874658 0.829593
vt 0.261133 0.832088
vt 0.261133 0.912637
vt 0.163442 0.923598
vt 0.155124 0.918325
vt 0.147653 0.960258
vt 0.167276 0.962316
vt 0.167286 0.989845
vt 0.147653 0.991776
vt 0.285907 0.598759
vt 0.164216 0.487975
vt 0.164216 0.456320
vt 0.167489 0.457928
vt 0.167494 0.486434
vt 0.147010 0.535454
vt 0.912414 0.091001
vt 0.912772 0.083297
vt 0.920558 0.083098
vt 0.920225 0.069999
vt 0.912414 0.070198
vt 0.176724 0.969493
vt 0.176726 0.982596
vt 0.077812 0.495496
vt 0.499868 0.241947
vt 0.538586 0.253684
vt 0.538587 0.256726
vt 0.499868 0.244989
vt 0.344623 0.412551
vt 0.353935 0.412696
vt 0.342234 0.421311
vt 0.808578 0.965084
vt 0.801783 0.972003
vt 0.799848 0.971211
vt 0.807777 0.963139
vt 0.258980 0.224962
vt 0.259576 0.230799
vt 0.237655 0.225618
vt 0.144800 0.449730
vt 0.147711 0.450612
vt 0.813684 0.900563
vt 0.785400 0.900563
vt 0.785406 0.893457
vt 0.389997 0.476832
vt 0.745821 0.925163
vt 0.750259 0.928356
vt 0.733078 0.928358
vt 0.737497 0.925165
vt 0.778527 0.893052
vt 0.395575 0.470109
vt 0.499868 0.220064
vt 0.499868 0.223106
vt 0.776153 0.898739
vt 0.867804 0.854038
vt 0.867804 0.904732
vt 0.850035 0.904731
vt 0.850035 0.861161
vt 0.813688 0.863707
vt 0.567067 0.570844
vt 0.567067 0.567801
vt 0.820580 0.863302
vt 0.366551 0.239488
vt 0.375873 0.239716
vt 0.372124 0.259814
vt 0.366578 0.248514
vt 0.814684 0.796583
vt 0.814663 0.768077
vt 0.825907 0.776894
vt 0.825938 0.787741
vt 0.813675 0.907913
vt 0.785390 0.907913
vt 0.399526 0.426135
vt 0.878297 0.968739
vt 0.888378 0.968739
vt 0.888019 0.969604
vt 0.878655 0.969604
vt 0.601396 0.891524
vt 0.970112 0.960876
vt 0.970077 0.982419
vt 0.960550 0.983863
vt 0.963613 0.966631
vt 0.962230 0.200394
vt 0.959491 0.205005
vt 0.624072 0.709542
vt 0.623776 0.706908
vt 0.697550 0.698085
vt 0.705140 0.699849
vt 0.574503 0.636949
vt 0.574502 0.629838
vt 0.981308 0.274166
vt 0.986179 0.274166
vt 0.109107 0.253987
vt 0.106059 0.249615
vt 0.114705 0.245952
vt 0.116535 0.250268
vt 0.358446 0.567222
vt 0.358470 0.577716
vt 0.538588 0.570847
vt 0.538588 0.567805
vt 0.807777 0.990457
vt 0.808578 0.988498
vt 0.051242 0.244080
vt 0.046486 0.246250
vt 0.568080 0.902288
vt 0.563527 0.891524
vt 0.563599 0.902478
vt 0.916942 0.937948
vt 0.924026 0.940021
vt 0.916942 0.945170
vt 0.909628 0.937946
vt 0.061378 0.527403
vt 0.068797 0.508733
vt 0.353673 0.403227
vt 0.137736 0.250472
vt 0.568077 0.914538
vt 0.902524 0.254601
vt 0.917469 0.253189
vt 0.804499 0.788998
vt 0.748135 0.799224
vt 0.730636 0.792793
vt 0.647231 0.715339
vt 0.648971 0.726434
vt 0.635450 0.728556
vt 0.633711 0.717462
vt 0.640032 0.713598
vt 0.343388 0.402427
vt 0.286653 0.973477
vt 0.287510 0.973111
vt 0.148290 0.240198
vt 0.147047 0.250327
vt 0.197828 0.544685
vt 0.184706 0.544686
vt 0.184706 0.526099
vt 0.197828 0.526098
vt 0.064074 0.863368
vt 0.059451 0.883630
vt 0.057859 0.863225
vt 0.556271 0.347724
vt 0.556281 0.342903
vt 0.559193 0.343785
vt 0.559183 0.348606
vt 0.475640 0.627171
vt 0.487975 0.627171
vt 0.487974 0.636839
vt 0.475639 0.636575
vt 0.040884 0.646234
vt 0.028549 0.646237
vt 0.028548 0.638158
vt 0.040884 0.637897
vt 0.046616 0.228475
vt 0.877466 0.384198
vt 0.885061 0.380577
vt 0.881942 0.386367
vt 0.850136 0.380577
vt 0.857728 0.384198
vt 0.853261 0.386367
vt 0.849911 0.363292
vt 0.857703 0.366113
vt 0.885263 0.363292
vt 0.877468 0.366113
vt 0.727860 0.806137
vt 0.843926 0.806171
vt 0.844036 0.812546
vt 0.727651 0.812553
vt 0.698218 0.832315
vt 0.727651 0.832306
vt 0.727860 0.838720
vt 0.698218 0.812550
vt 0.696557 0.804756
vt 0.843962 0.838664
vt 0.844065 0.832293
vt 0.888906 0.376249
vt 0.888804 0.360231
vt 0.335752 0.402231
vt 0.337519 0.398002
vt 0.338007 0.408212
vt 0.596627 0.925834
vt 0.568286 0.925834
vt 0.846295 0.376249
vt 0.846375 0.360231
vt 0.155922 0.240006
vt 0.153663 0.245988
vt 0.154159 0.235773
vt 0.112410 0.849515
vt 0.110805 0.864520
vt 0.083489 0.849022
vt 0.195044 0.203964
vt 0.176881 0.210062
vt 0.627773 0.056702
vt 0.326089 0.063305
vt 0.325863 0.056702
vt 0.308836 0.168360
vt 0.183779 0.319404
vt 0.182831 0.330580
vt 0.182312 0.336615
vt 0.925933 0.417671
vt 0.925967 0.375671
vt 0.935447 0.375620
vt 0.936384 0.417615
vt 0.327403 0.384301
vt 0.194930 0.209830
vt 0.309316 0.174397
vt 0.164271 0.222076
vt 0.567067 0.581785
vt 0.567067 0.578743
vt 0.429946 0.221123
vt 0.621289 0.518353
vt 0.621289 0.618045
vt 0.095400 0.258557
vt 0.395669 0.430618
vt 0.397852 0.426150
vt 0.993095 0.808456
vt 0.980760 0.808440
vt 0.980760 0.792993
vt 0.993095 0.793013
vt 0.536307 0.978941
vt 0.548642 0.978967
vt 0.548642 0.994414
vt 0.536307 0.994384
vt 0.391447 0.241950
vt 0.380507 0.272328
vt 0.360012 0.280917
vt 0.370117 0.277779
vt 0.369139 0.282640
vt 0.121558 0.115553
vt 0.123972 0.973611
vt 0.119630 0.978588
vt 0.119630 0.950349
vt 0.131662 0.118691
vt 0.143540 0.117387
vt 0.915283 0.711313
vt 0.913786 0.709840
vt 0.913786 0.692177
vt 0.915283 0.690704
vt 0.307353 0.262799
vt 0.926961 0.623969
vt 0.296870 0.060770
vt 0.162263 0.111067
vt 0.184318 0.100575
vt 0.641996 0.418785
vt 0.638351 0.423351
vt 0.642906 0.366072
vt 0.121513 0.257690
vt 0.123974 0.259930
vt 0.123579 0.302941
vt 0.054627 0.991342
vt 0.054627 0.964094
vt 0.085725 0.961043
vt 0.085725 0.994414
vt 0.605460 0.547346
vt 0.691974 0.846809
vt 0.725346 0.846809
vt 0.725347 0.856067
vt 0.691968 0.856067
vt 0.725347 0.865457
vt 0.691965 0.865457
vt 0.270826 0.989590
vt 0.280097 0.989507
vt 0.280452 0.990368
vt 0.270471 0.990457
vt 0.339479 0.902655
vt 0.328053 0.902336
vt 0.330124 0.866083
vt 0.340405 0.832092
vt 0.046461 0.859889
vt 0.725348 0.877389
vt 0.691963 0.877389
vt 0.087585 0.857670
vt 0.732961 0.934780
vt 0.725368 0.896959
vt 0.691945 0.896959
vt 0.334973 0.472296
vt 0.337362 0.465418
vt 0.339070 0.471765
vt 0.605785 0.234047
vt 0.567069 0.245783
vt 0.567069 0.242740
vt 0.605785 0.231005
vt 0.725349 0.920558
vt 0.691969 0.920558
vt 0.053593 0.528983
vt 0.051244 0.528983
vt 0.053593 0.525948
vt 0.538588 0.617937
vt 0.538588 0.600630
vt 0.494174 0.005326
vt 0.494160 0.017661
vt 0.490587 0.017661
vt 0.328394 0.951400
vt 0.315508 0.958805
vt 0.310589 0.958805
vt 0.310589 0.916750
vt 0.315508 0.916750
vt 0.328394 0.924153
vt 0.872634 0.779116
vt 0.888154 0.788371
vt 0.891313 0.792428
vt 0.501888 0.030345
vt 0.619859 0.030345
vt 0.619297 0.036928
vt 0.501326 0.036928
vt 0.619860 0.010133
vt 0.501889 0.010133
vt 0.501328 0.003548
vt 0.619299 0.003548
vt 0.196586 0.217921
vt 0.309139 0.257747
vt 0.851173 0.249973
vt 0.857758 0.246582
vt 0.877971 0.246582
vt 0.884553 0.249973
vt 0.966101 0.391268
vt 0.969481 0.384689
vt 0.974631 0.384696
vt 0.974631 0.418076
vt 0.969481 0.418069
vt 0.966101 0.411481
vt 0.182532 0.095523
vt 0.295079 0.055702
vt 0.952210 0.980174
vt 0.934825 0.980173
vt 0.934826 0.969802
vt 0.952211 0.969804
vt 0.934826 0.994413
vt 0.934825 0.989953
vt 0.952210 0.989954
vt 0.952211 0.994414
vt 0.420474 0.974649
vt 0.437859 0.974655
vt 0.437859 0.995733
vt 0.420474 0.995727
vt 0.367814 0.490994
vt 0.375836 0.487928
vt 0.375836 0.497366
vt 0.337363 0.437540
vt 0.334201 0.419933
vt 0.019584 0.612837
vt 0.051248 0.580527
vt 0.036958 0.612838
vt 0.791311 0.980966
vt 0.783382 0.989038
vt 0.782580 0.987093
vt 0.789376 0.980174
vt 0.499868 0.231005
vt 0.538587 0.242742
vt 0.538587 0.245785
vt 0.499868 0.234048
vt 0.853565 0.534742
vt 0.853565 0.634180
vt 0.883690 0.815550
vt 0.877940 0.818161
vt 0.866550 0.808031
vt 0.487975 0.644918
vt 0.475640 0.644911
vt 0.028549 0.628490
vt 0.040884 0.628494
vt 0.383197 0.954238
vt 0.411481 0.954238
vt 0.411480 0.961590
vt 0.383195 0.961590
vt 0.051243 0.247329
vt 0.411479 0.971118
vt 0.383195 0.971118
vt 0.411480 0.980138
vt 0.383196 0.980138
vt 0.296734 0.888906
vt 0.268450 0.888906
vt 0.268428 0.880450
vt 0.296712 0.880450
vt 0.411482 0.987820
vt 0.383197 0.987820
vt 0.268418 0.874217
vt 0.296703 0.874217
vt 0.268437 0.846388
vt 0.296668 0.846388
vt 0.268400 0.829896
vt 0.296742 0.829896
vt 0.500205 0.518316
vt 0.696557 0.840108
vt 0.489739 0.401800
vt 0.491932 0.404479
vt 0.489739 0.408844
vt 0.034730 0.467781
vt 0.036928 0.465107
vt 0.036928 0.472149
vt 0.855960 0.398072
vt 0.853429 0.398330
vt 0.853350 0.392099
vt 0.855565 0.391170
vt 0.881767 0.398330
vt 0.879230 0.398072
vt 0.879627 0.391170
vt 0.881847 0.392099
vt 0.063638 0.029101
vt 0.063637 0.010192
vt 0.066135 0.010077
vt 0.066136 0.029643
vt 0.981308 0.295423
vt 0.986179 0.295422
vt 0.093828 0.263920
vt 0.089425 0.041178
vt 0.091924 0.039662
vt 0.063639 0.039662
vt 0.066137 0.041178
vt 0.345202 0.492172
vt 0.336674 0.483553
vt 0.154993 0.321330
vt 0.146465 0.329949
vt 0.144970 0.328041
vt 0.152761 0.320212
vt 0.159189 0.310431
vt 0.156696 0.310072
vt 0.332477 0.472653
vt 0.012455 0.058029
vt 0.012455 0.004880
vt 0.013189 0.012105
vt 0.300544 0.679556
vt 0.293524 0.676152
vt 0.307854 0.677001
vt 0.053592 0.258365
vt 0.053592 0.255149
vt 0.446935 0.874689
vt 0.675525 0.965399
vt 0.381462 0.504784
vt 0.365796 0.463846
vt 0.363370 0.463102
vt 0.367825 0.418593
vt 0.053593 0.550810
vt 0.053593 0.547775
vt 0.028440 0.756040
vt 0.024280 0.751805
vt 0.033433 0.753926
vt 0.005303 0.536857
vt 0.005304 0.528978
vt 0.002954 0.572632
vt 0.002954 0.569597
vt 0.818707 0.928491
vt 0.822464 0.918699
vt 0.824573 0.921219
vt 0.821200 0.931560
vt 0.089428 0.050116
vt 0.066139 0.050116
vt 0.904269 0.106016
vt 0.898374 0.097750
vt 0.002954 0.561718
vt 0.002954 0.558684
vt 0.005303 0.558684
vt 0.879251 0.461598
vt 0.855962 0.461598
vt 0.855955 0.451027
vt 0.879245 0.451027
vt 0.844275 0.914842
vt 0.842545 0.910596
vt 0.849402 0.913276
vt 0.855954 0.443892
vt 0.879243 0.443892
vt 0.005304 0.507151
vt 0.012481 0.479433
vt 0.489218 0.947067
vt 0.494517 0.956979
vt 0.494569 0.961738
vt 0.334888 0.413735
vt 0.053595 0.266718
vt 0.461598 0.389357
vt 0.461438 0.395031
vt 0.456323 0.396974
vt 0.157209 0.243582
vt 0.158660 0.250457
vt 0.156782 0.251511
vt 0.333006 0.412679
vt 0.334456 0.405802
vt 0.425207 0.221091
vt 0.095419 0.342518
vt 0.086108 0.342514
vt 0.077927 0.321270
vt 0.022420 0.267727
vt 0.016901 0.260493
vt 0.022420 0.254468
vt 0.109278 0.342526
vt 0.103293 0.342476
vt 0.100035 0.331524
vt 0.388454 0.504709
vt 0.382398 0.504754
vt 0.390569 0.493772
vt 0.949681 0.291291
vt 0.953530 0.312093
vt 0.949681 0.312568
vt 0.740276 0.004719
vt 0.738256 0.005670
vt 0.735516 0.005708
vt 0.675525 0.930473
vt 0.260142 0.059248
vt 0.261133 0.057247
vt 0.260050 0.061986
vt 0.913750 0.364406
vt 0.954386 0.364406
vt 0.951249 0.367960
vt 0.916889 0.367960
vt 0.970675 0.631659
vt 0.970675 0.666019
vt 0.961377 0.666020
vt 0.961377 0.631660
vt 0.964286 0.849271
vt 0.968037 0.849270
vt 0.968037 0.883630
vt 0.964286 0.883630
vt 0.973312 0.518238
vt 0.973312 0.552598
vt 0.964015 0.552599
vt 0.964015 0.518239
vt 0.973312 0.507757
vt 0.964015 0.507758
vt 0.964015 0.473398
vt 0.973312 0.473397
vt 0.965334 0.340194
vt 0.974631 0.340193
vt 0.974631 0.374553
vt 0.965334 0.374554
vt 0.963845 0.596121
vt 0.963845 0.561761
vt 0.969356 0.561760
vt 0.969356 0.596120
vt 0.962696 0.151598
vt 0.971993 0.151597
vt 0.971993 0.185957
vt 0.962696 0.185958
vt 0.708407 0.674628
vt 0.708247 0.668954
vt 0.713522 0.676571
vt 0.387113 0.546624
vt 0.387115 0.537306
vt 0.897334 0.003670
vt 0.915283 0.003669
vt 0.915283 0.060666
vt 0.897334 0.060667
vt 0.921066 0.673576
vt 0.926961 0.681846
vt 0.051243 0.558689
vt 0.593135 0.956749
vt 0.597191 0.951820
vt 0.071218 0.100232
vt 0.064101 0.100231
vt 0.064101 0.073347
vt 0.071218 0.073348
vt 0.591389 0.270365
vt 0.586151 0.265125
vt 0.586151 0.257712
vt 0.591389 0.252467
vt 0.598796 0.252463
vt 0.604034 0.257702
vt 0.604034 0.265116
vt 0.598796 0.270361
vt 0.057599 0.100233
vt 0.057599 0.073348
vt 0.917220 0.440800
vt 0.923196 0.440799
vt 0.923196 0.494568
vt 0.917220 0.494569
vt 0.917369 0.665307
vt 0.144648 0.901799
vt 0.149823 0.901799
vt 0.151517 0.907370
vt 0.142919 0.907370
vt 0.467584 0.928463
vt 0.467584 0.901579
vt 0.354358 0.391879
vt 0.355208 0.922386
vt 0.608787 0.655468
vt 0.602285 0.655469
vt 0.602285 0.628585
vt 0.608787 0.628583
vt 0.615904 0.655469
vt 0.615904 0.628584
vt 0.126369 0.862553
vt 0.122131 0.869203
vt 0.435996 0.901561
vt 0.435996 0.874677
vt 0.556281 0.388179
vt 0.559193 0.389061
vt 0.460279 0.874703
vt 0.460279 0.928471
vt 0.909891 0.440800
vt 0.909891 0.494569
vt 0.002955 0.507151
vt 0.002958 0.275203
vt 0.088383 0.899077
vt 0.097705 0.931109
vt 0.152257 0.826986
vt 0.151161 0.832894
vt 0.143740 0.832894
vt 0.142644 0.826987
vt 0.465710 0.191796
vt 0.853062 0.941929
vt 0.859891 0.940268
vt 0.858401 0.947513
vt 0.925199 0.673464
vt 0.931109 0.681734
vt 0.904269 0.147355
vt 0.898374 0.155624
vt 0.894225 0.155510
vt 0.900135 0.147239
vt 0.931109 0.623856
vt 0.925199 0.632123
vt 0.921476 0.640390
vt 0.919898 0.648658
vt 0.919898 0.656926
vt 0.921476 0.665195
vt 0.900135 0.105900
vt 0.894225 0.097634
vt 0.903858 0.114167
vt 0.905436 0.122434
vt 0.909529 0.130817
vt 0.905436 0.130702
vt 0.907967 0.139086
vt 0.903858 0.138970
vt 0.380081 0.888785
vt 0.380084 0.880802
vt 0.386417 0.880922
vt 0.386413 0.888906
vt 0.958805 0.425371
vt 0.958805 0.464236
vt 0.690273 0.961408
vt 0.690273 0.928732
vt 0.708222 0.928737
vt 0.708223 0.961413
vt 0.705579 0.965533
vt 0.699248 0.968037
vt 0.692917 0.965529
vt 0.592796 0.149341
vt 0.588229 0.151668
vt 0.582112 0.137730
vt 0.605649 0.129720
vt 0.606672 0.139963
vt 0.380084 0.839469
vt 0.380081 0.830920
vt 0.386413 0.831040
vt 0.386417 0.839590
vt 0.931109 0.155613
vt 0.373751 0.888906
vt 0.373751 0.880922
vt 0.002956 0.266713
vt 0.005305 0.266713
vt 0.605785 0.220063
vt 0.605785 0.223106
vt 0.373751 0.839590
vt 0.373751 0.831040
vt 0.373750 0.848034
vt 0.380085 0.847914
vt 0.106561 0.239159
vt 0.373749 0.856376
vt 0.380085 0.856256
vt 0.373749 0.864643
vt 0.380085 0.864523
vt 0.157666 0.904777
vt 0.153514 0.900724
vt 0.373750 0.872834
vt 0.380085 0.872713
vt 0.899745 0.958805
vt 0.899745 0.918738
vt 0.386421 0.848034
vt 0.864718 0.792228
vt 0.857270 0.792581
vt 0.386423 0.856376
vt 0.386423 0.864643
vt 0.134444 0.894434
vt 0.131015 0.898077
vt 0.386421 0.872833
vt 0.568121 0.879735
vt 0.566582 0.874867
vt 0.570992 0.876842
vt 0.598329 0.874867
vt 0.596793 0.879735
vt 0.593921 0.876842
vt 0.392903 0.426198
vt 0.103322 0.258766
vt 0.098771 0.263971
vt 0.610628 0.663293
vt 0.588062 0.741194
vt 0.330682 0.741194
vt 0.343542 0.666164
vt 0.551022 0.652169
vt 0.096008 0.268389
vt 0.817693 0.854079
vt 0.928827 0.076434
vt 0.931109 0.059145
vt 0.931109 0.076493
vt 0.379425 0.398039
vt 0.652831 0.732761
vt 0.651092 0.739968
vt 0.644772 0.743832
vt 0.637572 0.742090
vt 0.633711 0.735763
vt 0.358406 0.489526
vt 0.357076 0.494178
vt 0.366283 0.579495
vt 0.034785 0.839896
vt 0.013229 0.778302
vt 0.024280 0.778297
vt 0.012342 0.783398
vt 0.042203 0.058029
vt 0.041470 0.012105
vt 0.042203 0.004880
vt 0.355664 0.957486
vt 0.366870 0.955365
vt 0.290988 0.705350
vt 0.290988 0.668797
vt 0.293575 0.705501
vt 0.785384 0.912645
vt 0.813668 0.912645
vt 0.708247 0.617081
vt 0.710126 0.617530
vt 0.732953 0.938348
vt 0.726161 0.937323
vt 0.314514 0.716293
vt 0.319162 0.712973
vt 0.058388 0.057247
vt 0.352204 0.988155
vt 0.354526 0.984686
vt 0.355721 0.990457
vt 0.736255 0.210836
vt 0.358561 0.547744
vt 0.280335 0.547446
vt 0.280332 0.542573
vt 0.358821 0.542532
vt 0.670697 0.402250
vt 0.670692 0.366872
vt 0.706900 0.366870
vt 0.706904 0.402248
vt 0.228161 0.907370
vt 0.191567 0.907368
vt 0.191567 0.826472
vt 0.228154 0.826473
vt 0.312306 0.729356
vt 0.311353 0.724759
vt 0.312076 0.720232
vt 0.772847 0.211195
vt 0.772252 0.271683
vt 0.735659 0.271324
vt 0.966854 0.216270
vt 0.069899 0.542047
vt 0.063102 0.542048
vt 0.063102 0.534985
vt 0.069899 0.534985
vt 0.512786 0.093168
vt 0.519627 0.093170
vt 0.519627 0.100233
vt 0.512786 0.100231
vt 0.518309 0.162041
vt 0.511246 0.162041
vt 0.511241 0.160306
vt 0.518304 0.160306
vt 0.503340 0.050116
vt 0.503340 0.044470
vt 0.504754 0.043054
vt 0.510396 0.043052
vt 0.510396 0.050114
vt 0.524903 0.050116
vt 0.519314 0.050116
vt 0.519314 0.043054
vt 0.524903 0.043054
vt 0.511239 0.167494
vt 0.518302 0.167494
vt 0.489198 0.502014
vt 0.490613 0.503430
vt 0.490613 0.509077
vt 0.483557 0.509075
vt 0.483557 0.502012
vt 0.013229 0.751799
vt 0.012342 0.746702
vt 0.670690 0.343158
vt 0.706897 0.343156
vt 0.970810 0.966448
vt 0.978318 0.960729
vt 0.670697 0.295485
vt 0.706904 0.295483
vt 0.088873 0.841503
vt 0.094993 0.827562
vt 0.113421 0.839266
vt 0.038168 0.841197
vt 0.110209 0.342559
vt 0.970267 0.199446
vt 0.609770 0.882916
vt 0.634016 0.882916
vt 0.630387 0.876352
vt 0.633820 0.878935
vt 0.609974 0.878935
vt 0.613412 0.876352
vt 0.311249 0.670001
vt 0.456023 0.184639
vt 0.452277 0.184629
vt 0.452282 0.179743
vt 0.461572 0.173326
vt 0.982544 0.973392
vt 0.970933 0.971960
vt 0.981638 0.981486
vt 0.956146 0.225771
vt 0.955251 0.217662
vt 0.630625 0.917442
vt 0.613136 0.917442
vt 0.452277 0.164531
vt 0.461598 0.164347
vt 0.336715 0.242401
vt 0.333723 0.242417
vt 0.348177 0.235462
vt 0.375873 0.259799
vt 0.701798 0.765546
vt 0.700420 0.761772
vt 0.705066 0.765094
vt 0.881745 0.450503
vt 0.759383 0.944997
vt 0.100233 0.464548
vt 0.100233 0.488393
vt 0.966423 0.195930
vt 0.974290 0.203066
vt 0.974179 0.210929
vt 0.963527 0.958772
vt 0.033433 0.776178
vt 0.026103 0.783383
vt 0.977269 0.193301
vt 0.174172 0.900776
vt 0.174172 0.879621
vt 0.178045 0.900542
vt 0.960550 0.949006
vt 0.977269 0.228161
vt 0.084745 0.467878
vt 0.091981 0.461010
vt 0.091972 0.491932
vt 0.084745 0.485059
vt 0.568082 0.125323
vt 0.576726 0.130212
vt 0.074845 0.853911
vt 0.543770 0.125490
vt 0.537050 0.130353
vt 0.050532 0.853742
vt 0.559291 0.123191
vt 0.550804 0.123404
vt 0.551090 0.116013
vt 0.057566 0.855828
vt 0.066054 0.856042
vt 0.528022 0.139337
vt 0.524140 0.135590
vt 0.529075 0.131004
vt 0.439032 0.944009
vt 0.446511 0.937095
vt 0.474787 0.937105
vt 0.474787 0.973312
vt 0.446511 0.973307
vt 0.439032 0.966387
vt 0.421002 0.900110
vt 0.423351 0.895421
vt 0.423351 0.940341
vt 0.421002 0.940341
vt 0.291438 0.930251
vt 0.269054 0.930251
vt 0.269056 0.922441
vt 0.291439 0.922441
vt 0.291466 0.915568
vt 0.269034 0.915568
vt 0.291439 0.958805
vt 0.269056 0.958805
vt 0.269057 0.953636
vt 0.291435 0.953636
vt 0.269052 0.945791
vt 0.291438 0.945791
vt 0.269053 0.938447
vt 0.291437 0.938447
vt 0.357900 0.988163
vt 0.357900 0.965775
vt 0.354526 0.969253
vt 0.352204 0.965785
vt 0.330878 0.245896
vt 0.336715 0.264784
vt 0.333723 0.264788
vt 0.330878 0.261328
vt 0.873686 0.085672
vt 0.875724 0.087142
vt 0.873680 0.098761
vt 0.526945 0.142951
vt 0.512196 0.151668
vt 0.508522 0.144782
vt 0.374554 0.965778
vt 0.374554 0.988157
vt 0.033706 0.836280
vt 0.018957 0.827562
vt 0.610659 0.925834
vt 0.633091 0.925834
vt 0.707502 0.769034
vt 0.708223 0.773562
vt 0.707267 0.778157
vt 0.702969 0.784890
vt 0.853462 0.450503
vt 0.508644 0.900459
vt 0.508639 0.893766
vt 0.526024 0.893766
vt 0.526037 0.900462
vt 0.366346 0.570365
vt 0.448325 0.193719
vt 0.448325 0.191791
vt 0.788075 0.847097
vt 0.811003 0.847097
vt 0.815415 0.849858
vt 0.783668 0.849858
vt 0.508623 0.886543
vt 0.508622 0.881863
vt 0.526006 0.881863
vt 0.526008 0.886543
vt 0.508628 0.877463
vt 0.508641 0.873865
vt 0.526026 0.873865
vt 0.526012 0.877463
vt 0.981433 0.518068
vt 0.986501 0.518069
vt 0.986501 0.535454
vt 0.981433 0.535453
vt 0.409244 0.205687
vt 0.409223 0.201804
vt 0.873669 0.114260
vt 0.887008 0.114260
vt 0.888906 0.129926
vt 0.884856 0.158834
vt 0.875667 0.171441
vt 0.873669 0.171451
vt 0.556867 0.405182
vt 0.884811 0.098782
vt 0.304960 0.711357
vt 0.307306 0.711483
vt 0.302329 0.740996
vt 0.293582 0.710678
vt 0.299414 0.711051
vt 0.870474 0.509575
vt 0.887613 0.502058
vt 0.876224 0.512187
vt 0.149436 0.259087
vt 0.757021 0.558675
vt 0.768935 0.556361
vt 0.780680 0.554889
vt 0.792341 0.554573
vt 0.804499 0.560600
vt 0.716624 0.790533
vt 0.733946 0.569207
vt 0.745840 0.561791
vt 0.888894 0.032492
vt 0.888906 0.089682
vt 0.886908 0.089673
vt 0.877717 0.077069
vt 0.873661 0.048162
vt 0.875556 0.032496
vt 0.894720 0.738231
vt 0.899963 0.730822
vt 0.915283 0.731629
vt 0.915283 0.785628
vt 0.910496 0.791311
vt 0.903231 0.789741
vt 0.889411 0.777277
vt 0.888906 0.003903
vt 0.355279 0.168644
vt 0.360046 0.166343
vt 0.360046 0.172770
vt 0.759658 0.962490
vt 0.750338 0.964080
vt 0.742513 0.961443
vt 0.740145 0.961443
vt 0.740145 0.944058
vt 0.742513 0.944058
vt 0.898979 0.502575
vt 0.902094 0.520539
vt 0.897308 0.526222
vt 0.890043 0.524651
vt 0.832195 0.796586
vt 0.902094 0.466540
vt 0.899782 0.466418
vt 0.532974 0.134723
vt 0.783176 0.934586
vt 0.792506 0.938240
vt 0.795820 0.948548
vt 0.787571 0.952079
vt 0.783696 0.943291
vt 0.929211 0.945679
vt 0.931109 0.953406
vt 0.931109 0.959181
vt 0.929211 0.966908
vt 0.924026 0.972563
vt 0.916942 0.967410
vt 0.873146 0.759667
vt 0.876017 0.751556
vt 0.879194 0.747488
vt 0.883636 0.774680
vt 0.874157 0.768214
vt 0.018407 0.644918
vt 0.018407 0.627149
vt 0.021102 0.627144
vt 0.021102 0.644913
vt 0.015347 0.644914
vt 0.015347 0.627145
vt 0.154308 0.303194
vt 0.154307 0.275316
vt 0.157468 0.257710
vt 0.894627 0.985603
vt 0.895492 0.985961
vt 0.888358 0.993095
vt 0.888001 0.992229
vt 0.877640 0.773149
vt 0.004124 0.644885
vt 0.004124 0.627116
vt 0.743920 0.867493
vt 0.743989 0.871068
vt 0.925834 0.787354
vt 0.925831 0.775019
vt 0.925831 0.757634
vt 0.035670 0.919755
vt 0.045149 0.913289
vt 0.041666 0.918224
vt 0.328394 0.486032
vt 0.328394 0.503801
vt 0.325449 0.503801
vt 0.325449 0.486031
vt 0.322065 0.486031
vt 0.322065 0.503801
vt 0.318908 0.503801
vt 0.318908 0.486032
vt 0.043289 0.896630
vt 0.046160 0.904741
vt 0.029895 0.922351
vt 0.024586 0.883304
vt 0.040112 0.892562
vt 0.016074 0.934815
vt 0.008809 0.936384
vt 0.004022 0.930701
vt 0.004022 0.876701
vt 0.019343 0.875894
vt 0.148579 0.318254
vt 0.152600 0.309541
vt 0.248635 0.531888
vt 0.266404 0.531888
vt 0.266407 0.534320
vt 0.248637 0.534320
vt 0.266408 0.537536
vt 0.248639 0.537536
vt 0.298060 0.384781
vt 0.200232 0.407837
vt 0.203947 0.352080
vt 0.266407 0.540904
vt 0.248638 0.540903
vt 0.428734 0.161743
vt 0.423995 0.161775
vt 0.894635 0.976231
vt 0.895500 0.975873
vt 0.266403 0.547758
vt 0.248634 0.547758
vt 0.864120 0.830625
vt 0.856855 0.832195
vt 0.804499 0.954857
vt 0.799808 0.961443
vt 0.795343 0.960014
vt 0.526601 0.625830
vt 0.526601 0.643599
vt 0.522692 0.643600
vt 0.522692 0.625830
vt 0.530178 0.625830
vt 0.530178 0.643599
vt 0.424085 0.175565
vt 0.428813 0.173776
vt 0.428824 0.175534
vt 0.801945 0.274986
vt 0.798544 0.278876
vt 0.795338 0.280719
vt 0.790281 0.282013
vt 0.782790 0.282234
vt 0.782790 0.247300
vt 0.790291 0.247178
vt 0.795340 0.248359
vt 0.798546 0.250199
vt 0.801946 0.254090
vt 0.804499 0.260239
vt 0.804499 0.268837
vt 0.791311 0.969650
vt 0.789376 0.970476
vt 0.469289 0.335741
vt 0.134594 0.331953
vt 0.133265 0.327301
vt 0.141903 0.324441
vt 0.519125 0.643599
vt 0.519125 0.625830
vt 0.266402 0.549961
vt 0.248632 0.549961
vt 0.516618 0.643599
vt 0.516618 0.625829
vt 0.799848 0.982527
vt 0.801783 0.981701
vt 0.850035 0.839385
vt 0.867804 0.839386
vt 0.916942 0.974631
vt 0.909628 0.974629
vt 0.872028 0.976231
vt 0.871164 0.975873
vt 0.430436 0.172192
vt 0.439178 0.172168
vt 0.079077 0.072929
vt 0.084406 0.072412
vt 0.084406 0.078615
vt 0.079077 0.079131
vt 0.312514 0.246364
vt 0.312514 0.236879
vt 0.317843 0.235295
vt 0.317843 0.247944
vt 0.158262 0.334470
vt 0.158262 0.343956
vt 0.152933 0.345539
vt 0.152933 0.332890
vt 0.534082 0.043396
vt 0.539410 0.043913
vt 0.539410 0.050116
vt 0.534082 0.049599
vt 0.888727 0.465835
vt 0.881529 0.473143
vt 0.886774 0.465732
vt 0.271683 0.483340
vt 0.271683 0.493250
vt 0.265159 0.493248
vt 0.265159 0.483338
vt 0.782580 0.963679
vt 0.783382 0.961720
vt 0.278348 0.494569
vt 0.278348 0.484659
vt 0.284872 0.484657
vt 0.284872 0.494567
vt 0.396295 0.504740
vt 0.916602 0.219366
vt 0.916602 0.237389
vt 0.911788 0.237393
vt 0.911788 0.219370
vt 0.141158 0.425753
vt 0.757011 0.551280
vt 0.720327 0.551280
vt 0.725368 0.013793
vt 0.725053 0.016427
vt 0.971480 0.715246
vt 0.974129 0.715246
vt 0.974497 0.720905
vt 0.971848 0.720905
vt 0.974631 0.728633
vt 0.971982 0.728633
vt 0.704825 0.697215
vt 0.711864 0.696282
vt 0.712180 0.698917
vt 0.974129 0.747789
vt 0.971480 0.747789
vt 0.971848 0.742134
vt 0.974497 0.742134
vt 0.971982 0.734407
vt 0.974631 0.734407
vt 0.829027 0.772479
vt 0.267209 0.783371
vt 0.717995 0.015817
vt 0.267727 0.776152
vt 0.267727 0.753912
vt 0.305389 0.706202
vt 0.307764 0.706335
vt 0.291155 0.710507
vt 0.870814 0.739875
vt 0.865039 0.739876
vt 0.857312 0.737977
vt 0.851655 0.732789
vt 0.849585 0.725701
vt 0.849585 0.644144
vt 0.886268 0.644142
vt 0.886268 0.725699
vt 0.884198 0.732787
vt 0.878541 0.737976
vt 0.145294 0.427308
vt 0.147068 0.422723
vt 0.004033 0.751796
vt 0.004068 0.746706
vt 0.004033 0.778300
vt 0.004068 0.783389
vt 0.028440 0.774063
vt 0.772847 0.005039
vt 0.026377 0.246181
vt 0.019240 0.247944
vt 0.019240 0.005288
vt 0.026103 0.746718
vt 0.110363 0.898194
vt 0.242810 0.473451
vt 0.832195 0.768065
vt 0.496552 0.118254
vt 0.414119 0.205741
vt 0.414101 0.201782
vt 0.413997 0.179237
vt 0.414016 0.183196
vt 0.297010 0.485337
vt 0.295236 0.480753
vt 0.287510 0.983183
vt 0.286653 0.982833
vt 0.355176 0.920165
vt 0.638351 0.269330
vt 0.068923 0.461463
vt 0.077812 0.461829
vt 0.110784 0.920174
vt 0.330369 0.860987
vt 0.331118 0.831814
vt 0.205741 0.066005
vt 0.150915 0.071218
vt 0.151094 0.064334
vt 0.271726 0.663243
vt 0.638695 0.366589
vt 0.822763 0.298035
vt 0.834657 0.305450
vt 0.851978 0.526763
vt 0.837966 0.529023
vt 0.764103 0.525229
vt 0.764103 0.296845
vt 0.776261 0.290818
vt 0.787922 0.291133
vt 0.799667 0.292605
vt 0.811581 0.294919
vt 0.244251 0.201298
vt 0.060137 0.064334
vt 0.700420 0.791311
vt 0.820467 0.535454
vt 0.680998 0.425185
vt 0.690431 0.427589
vt 0.634766 0.445892
vt 0.634890 0.439736
vt 0.637438 0.438898
vt 0.522401 0.978668
vt 0.522339 0.994389
vt 0.515564 0.994377
vt 0.515526 0.985085
vt 0.517568 0.982037
vt 0.367960 0.472832
vt 0.367507 0.482299
vt 0.362392 0.482700
vt 0.365366 0.420832
vt 0.127686 0.254707
vt 0.127929 0.259742
vt 0.121376 0.255037
vt 0.367960 0.415940
vt 0.361412 0.420643
vt 0.361649 0.415607
vt 0.355176 0.952738
vt 0.126010 0.302198
vt 0.121376 0.311929
vt 0.126902 0.321800
vt 0.121787 0.321397
vt 0.990457 0.680527
vt 0.984045 0.678917
vt 0.984045 0.670188
vt 0.985611 0.665532
vt 0.990435 0.667152
vt 0.982748 0.717268
vt 0.987573 0.715648
vt 0.989139 0.720304
vt 0.989139 0.729033
vt 0.982726 0.730644
vt 0.571057 0.259691
vt 0.577657 0.259690
vt 0.577657 0.278276
vt 0.571057 0.278278
vt 0.915847 0.417615
vt 0.916820 0.375620
vt 0.918484 0.545545
vt 0.919420 0.503551
vt 0.928896 0.503598
vt 0.928931 0.545598
vt 0.944298 0.696745
vt 0.943352 0.737853
vt 0.934025 0.738557
vt 0.934014 0.697520
vt 0.915847 0.924054
vt 0.916820 0.882059
vt 0.925967 0.882110
vt 0.925933 0.924110
vt 0.924707 0.737853
vt 0.923741 0.696745
vt 0.936677 0.226786
vt 0.936704 0.268386
vt 0.927364 0.269046
vt 0.926379 0.227513
vt 0.984899 0.425290
vt 0.398586 0.904676
vt 0.398613 0.946276
vt 0.389273 0.946935
vt 0.388288 0.905403
vt 0.663382 0.881110
vt 0.662431 0.922918
vt 0.653104 0.923196
vt 0.653099 0.881416
vt 0.926014 0.421952
vt 0.917206 0.421903
vt 0.942996 0.692273
vt 0.934016 0.692951
vt 0.934015 0.691575
vt 0.942996 0.690898
vt 0.927671 0.223493
vt 0.936665 0.222858
vt 0.935142 0.421903
vt 0.928852 0.549881
vt 0.919728 0.549835
vt 0.939022 0.545545
vt 0.937665 0.549835
vt 0.925044 0.692273
vt 0.946935 0.227513
vt 0.945624 0.223493
vt 0.538587 0.278609
vt 0.538587 0.275567
vt 0.927670 0.222114
vt 0.936664 0.221479
vt 0.935143 0.423302
vt 0.926015 0.423351
vt 0.925043 0.690898
vt 0.937664 0.551234
vt 0.928851 0.551280
vt 0.919727 0.551234
vt 0.945623 0.222114
vt 0.917207 0.423302
vt 0.817688 0.261214
vt 0.816897 0.271683
vt 0.813927 0.271683
vt 0.814718 0.261215
vt 0.849678 0.633931
vt 0.849678 0.534493
vt 0.283553 0.738557
vt 0.270692 0.663526
vt 0.878355 0.534496
vt 0.878355 0.633933
vt 0.191047 0.963253
vt 0.201972 0.962922
vt 0.209697 0.970656
vt 0.209697 0.981924
vt 0.201972 0.990126
vt 0.191047 0.990457
vt 0.183322 0.982724
vt 0.183322 0.971456
vt 0.899403 0.078081
vt 0.899457 0.088363
vt 0.896436 0.088362
vt 0.896383 0.078079
vt 0.899457 0.067435
vt 0.896436 0.067433
vt 0.851978 0.741347
vt 0.851237 0.751800
vt 0.848261 0.751803
vt 0.849002 0.741349
vt 0.152547 0.098914
vt 0.152604 0.088637
vt 0.155624 0.088635
vt 0.155567 0.098912
vt 0.816897 0.250736
vt 0.813927 0.250736
vt 0.851978 0.762294
vt 0.849002 0.762296
vt 0.152547 0.077986
vt 0.155568 0.077985
vt 0.487506 0.518328
vt 0.487499 0.618021
vt 0.484330 0.618036
vt 0.484329 0.518343
vt 0.687457 0.751415
vt 0.481294 0.973989
vt 0.635686 0.983279
vt 0.635639 0.991776
vt 0.628337 0.991132
vt 0.628381 0.983245
vt 0.812901 0.542542
vt 0.812919 0.759658
vt 0.572369 0.983241
vt 0.572410 0.975071
vt 0.581613 0.977553
vt 0.581586 0.983093
vt 0.491076 0.985758
vt 0.490422 0.977095
vt 0.497481 0.977714
vt 0.498088 0.985756
vt 0.738383 0.972663
vt 0.747059 0.972051
vt 0.747061 0.979388
vt 0.739008 0.979957
vt 0.635639 0.974473
vt 0.628337 0.975072
vt 0.490422 0.994414
vt 0.497481 0.993790
vt 0.565109 0.991776
vt 0.565065 0.983275
vt 0.572410 0.991132
vt 0.565109 0.974472
vt 0.755702 0.972663
vt 0.755083 0.979957
vt 0.981424 0.200498
vt 0.986805 0.198241
vt 0.986104 0.203406
vt 0.984329 0.204151
vt 0.752490 0.989436
vt 0.747051 0.989050
vt 0.619132 0.988440
vt 0.619162 0.983093
vt 0.506028 0.980298
vt 0.506439 0.985750
vt 0.741591 0.989436
vt 0.619132 0.977551
vt 0.506028 0.991196
vt 0.581613 0.988443
vt 0.988615 0.205949
vt 0.987880 0.207747
vt 0.986104 0.208492
vt 0.984329 0.207747
vt 0.983594 0.205949
vt 0.987880 0.204151
vt 0.992185 0.200498
vt 0.994414 0.205948
vt 0.992185 0.211397
vt 0.986805 0.213654
vt 0.981424 0.211396
vt 0.748825 0.994414
vt 0.747031 0.994287
vt 0.745229 0.994414
vt 0.934015 0.010399
vt 0.934025 0.051435
vt 0.924707 0.050732
vt 0.923741 0.009623
vt 0.928932 0.600990
vt 0.928897 0.558990
vt 0.938049 0.558943
vt 0.939022 0.600937
vt 0.063404 0.899636
vt 0.063448 0.941631
vt 0.054301 0.941660
vt 0.053318 0.899668
vt 0.944298 0.009623
vt 0.943352 0.050732
vt 0.918484 0.600937
vt 0.919421 0.558943
vt 0.935447 0.882059
vt 0.936384 0.924054
vt 0.408844 0.905403
vt 0.407917 0.946935
vt 0.926014 0.928391
vt 0.917206 0.928342
vt 0.942997 0.005152
vt 0.934016 0.005829
vt 0.934015 0.004454
vt 0.942996 0.003776
vt 0.389580 0.901382
vt 0.398574 0.900747
vt 0.935143 0.928342
vt 0.928852 0.605273
vt 0.919728 0.605227
vt 0.937665 0.605227
vt 0.925044 0.005152
vt 0.407533 0.901382
vt 0.389579 0.900003
vt 0.398572 0.899369
vt 0.935143 0.929742
vt 0.926015 0.929790
vt 0.925043 0.003776
vt 0.937664 0.606626
vt 0.928851 0.606672
vt 0.919727 0.606626
vt 0.407532 0.900003
vt 0.917207 0.929742
vt 0.842746 0.779523
vt 0.841956 0.789991
vt 0.838986 0.789992
vt 0.839776 0.779524
vt 0.865436 0.771808
vt 0.867388 0.771705
vt 0.235888 0.961935
vt 0.246813 0.961603
vt 0.254538 0.969337
vt 0.254538 0.980605
vt 0.246813 0.988807
vt 0.235888 0.989139
vt 0.228163 0.981405
vt 0.228163 0.970137
vt 0.469458 0.885218
vt 0.469511 0.895500
vt 0.466491 0.895498
vt 0.466437 0.885216
vt 0.469511 0.874572
vt 0.466491 0.874570
vt 0.067261 0.827072
vt 0.066521 0.837525
vt 0.063545 0.837528
vt 0.064285 0.827075
vt 0.902974 0.817688
vt 0.903031 0.807411
vt 0.906051 0.807409
vt 0.905994 0.817686
vt 0.841956 0.769044
vt 0.838986 0.769045
vt 0.067261 0.848019
vt 0.064285 0.848022
vt 0.902974 0.796760
vt 0.905994 0.796759
vt 0.236567 0.792388
vt 0.462663 0.144275
vt 0.236543 0.822963
vt 0.987820 0.325172
vt 0.987773 0.333669
vt 0.980471 0.333025
vt 0.980515 0.325139
vt 0.459719 0.337930
vt 0.461598 0.337481
vt 0.062402 0.313644
vt 0.828262 0.913260
vt 0.835123 0.910590
vt 0.833386 0.914833
vt 0.544673 0.636384
vt 0.544715 0.628213
vt 0.553918 0.630696
vt 0.553890 0.636235
vt 0.592628 0.984440
vt 0.591974 0.975776
vt 0.599033 0.976396
vt 0.599639 0.984437
vt 0.973138 0.127280
vt 0.981815 0.126667
vt 0.981816 0.134005
vt 0.973763 0.134573
vt 0.987773 0.316366
vt 0.980471 0.316965
vt 0.591974 0.993095
vt 0.599033 0.992471
vt 0.537413 0.644918
vt 0.537369 0.636417
vt 0.544714 0.644275
vt 0.537413 0.627614
vt 0.990457 0.127280
vt 0.989838 0.134573
vt 0.092518 0.982576
vt 0.097899 0.980319
vt 0.097199 0.985485
vt 0.095423 0.986229
vt 0.987246 0.144052
vt 0.981807 0.143667
vt 0.971266 0.330333
vt 0.971295 0.324986
vt 0.607579 0.978979
vt 0.607991 0.984431
vt 0.976347 0.144052
vt 0.971266 0.319445
vt 0.607579 0.989878
vt 0.553918 0.641585
vt 0.094688 0.988028
vt 0.098974 0.986230
vt 0.099709 0.988028
vt 0.098974 0.989826
vt 0.097199 0.990571
vt 0.095423 0.989826
vt 0.103279 0.982577
vt 0.105508 0.988027
vt 0.103279 0.993476
vt 0.097899 0.995733
vt 0.092518 0.993475
vt 0.983581 0.149030
vt 0.981786 0.148903
vt 0.979985 0.149030
vt 0.939022 0.800754
vt 0.938040 0.842746
vt 0.928898 0.842714
vt 0.928942 0.800718
vt 0.919414 0.842746
vt 0.918486 0.800754
vt 0.923489 0.170111
vt 0.923494 0.212102
vt 0.914154 0.212335
vt 0.913191 0.170368
vt 0.946009 0.269046
vt 0.643787 0.922918
vt 0.642826 0.881110
vt 0.073856 0.899668
vt 0.072928 0.941660
vt 0.933747 0.170368
vt 0.932798 0.212335
vt 0.938049 0.503551
vt 0.928859 0.796428
vt 0.937662 0.796459
vt 0.662082 0.876721
vt 0.653101 0.876989
vt 0.653101 0.875593
vt 0.662081 0.875326
vt 0.914485 0.166148
vt 0.923479 0.165924
vt 0.919727 0.796459
vt 0.063484 0.895344
vt 0.072612 0.895372
vt 0.054676 0.895372
vt 0.644129 0.876721
vt 0.932438 0.166148
vt 0.053592 0.561723
vt 0.053592 0.558689
vt 0.914485 0.164752
vt 0.923478 0.164527
vt 0.919727 0.795059
vt 0.928859 0.795029
vt 0.644129 0.875326
vt 0.054677 0.893973
vt 0.063485 0.893945
vt 0.072613 0.893973
vt 0.932437 0.164752
vt 0.937662 0.795059
vt 0.138479 0.858654
vt 0.138167 0.869123
vt 0.135155 0.869123
vt 0.135467 0.858655
vt 0.843195 0.961783
vt 0.854521 0.961774
vt 0.862529 0.969783
vt 0.420179 0.271085
vt 0.429386 0.274443
vt 0.890035 0.466165
vt 0.889258 0.443314
vt 0.893321 0.441748
vt 0.897351 0.466551
vt 0.252492 0.928720
vt 0.256184 0.931472
vt 0.858042 0.282950
vt 0.321179 0.963152
vt 0.332359 0.963024
vt 0.340264 0.970931
vt 0.340264 0.982241
vt 0.332359 0.990329
vt 0.321179 0.990457
vt 0.313274 0.982551
vt 0.313274 0.971240
vt 0.164823 0.088637
vt 0.164856 0.098914
vt 0.161836 0.098913
vt 0.161803 0.088636
vt 0.164856 0.077986
vt 0.161836 0.077985
vt 0.875717 0.205895
vt 0.875456 0.216348
vt 0.872441 0.216349
vt 0.872702 0.205896
vt 0.318743 0.180683
vt 0.318779 0.170411
vt 0.321800 0.170410
vt 0.321764 0.180682
vt 0.138167 0.848176
vt 0.135155 0.848176
vt 0.875717 0.226842
vt 0.872702 0.226842
vt 0.318743 0.159756
vt 0.321764 0.159755
vt 0.460549 0.123972
vt 0.460717 0.093255
vt 0.466873 0.091677
vt 0.685803 0.983284
vt 0.685773 0.991776
vt 0.678474 0.991130
vt 0.678501 0.983248
vt 0.888893 0.352133
vt 0.886154 0.351575
vt 0.129494 0.892948
vt 0.904809 0.688519
vt 0.904809 0.713499
vt 0.895833 0.709841
vt 0.892115 0.701010
vt 0.895833 0.692178
vt 0.029030 0.984562
vt 0.029055 0.976389
vt 0.038247 0.978866
vt 0.038230 0.984408
vt 0.148760 0.592741
vt 0.148501 0.584077
vt 0.155732 0.584698
vt 0.155972 0.592739
vt 0.226039 0.494569
vt 0.225823 0.485893
vt 0.233157 0.485895
vt 0.233358 0.493948
vt 0.685773 0.974474
vt 0.678474 0.975070
vt 0.148501 0.601396
vt 0.155732 0.600773
vt 0.021757 0.993095
vt 0.021730 0.984598
vt 0.029055 0.992449
vt 0.021757 0.975792
vt 0.226039 0.477250
vt 0.233358 0.477873
vt 0.451328 0.984338
vt 0.455495 0.980172
vt 0.457274 0.985025
vt 0.455900 0.986400
vt 0.242669 0.480471
vt 0.242533 0.485909
vt 0.669281 0.988433
vt 0.669300 0.983089
vt 0.164694 0.587282
vt 0.164856 0.592734
vt 0.242669 0.491369
vt 0.669281 0.977545
vt 0.164694 0.598181
vt 0.038247 0.989755
vt 0.460594 0.986404
vt 0.460594 0.988350
vt 0.459219 0.989725
vt 0.457274 0.989723
vt 0.455900 0.988346
vt 0.459219 0.985027
vt 0.461388 0.980176
vt 0.465555 0.984350
vt 0.465555 0.990247
vt 0.461388 0.994414
vt 0.455495 0.994409
vt 0.451328 0.990236
vt 0.982544 0.651956
vt 0.977764 0.652029
vt 0.977553 0.634963
vt 0.982291 0.634891
vt 0.174625 0.466950
vt 0.179364 0.466986
vt 0.179325 0.475186
vt 0.174577 0.475149
vt 0.179317 0.481381
vt 0.174570 0.481344
vt 0.862852 0.486453
vt 0.866009 0.482396
vt 0.261133 0.923336
vt 0.258883 0.920552
vt 0.424989 0.260545
vt 0.429732 0.260576
vt 0.429946 0.265089
vt 0.425198 0.265057
vt 0.354771 0.474786
vt 0.350032 0.474777
vt 0.350032 0.425361
vt 0.354771 0.425371
vt 0.287510 0.236590
vt 0.287510 0.241350
vt 0.283131 0.241227
vt 0.283130 0.236514
vt 0.179330 0.461052
vt 0.174570 0.461016
vt 0.982265 0.656716
vt 0.977553 0.656788
vt 0.889435 0.486265
vt 0.896883 0.486620
vt 0.793738 0.923350
vt 0.804499 0.921374
vt 0.795823 0.927869
vt 0.349494 0.258495
vt 0.344755 0.258495
vt 0.344757 0.253038
vt 0.349496 0.253038
vt 0.344755 0.246017
vt 0.349494 0.246017
vt 0.192490 0.470911
vt 0.192537 0.479110
vt 0.187789 0.479142
vt 0.187751 0.470943
vt 0.192552 0.485305
vt 0.187805 0.485337
vt 0.978876 0.174538
vt 0.979125 0.157473
vt 0.983863 0.157540
vt 0.983656 0.174605
vt 0.005303 0.539891
vt 0.429758 0.242651
vt 0.425035 0.242619
vt 0.053592 0.572637
vt 0.053592 0.569602
vt 0.180409 0.222887
vt 0.183320 0.223769
vt 0.080992 0.454993
vt 0.062401 0.454987
vt 0.338945 0.495709
vt 0.338945 0.505120
vt 0.334631 0.504882
vt 0.334589 0.495726
vt 0.979907 0.626454
vt 0.972821 0.624922
vt 0.975699 0.602213
vt 0.979907 0.601324
vt 0.974870 0.868534
vt 0.983863 0.868505
vt 0.983863 0.892820
vt 0.974452 0.892862
vt 0.130642 0.967932
vt 0.139383 0.968008
vt 0.139798 0.989139
vt 0.130642 0.989075
vt 0.865384 0.800420
vt 0.856699 0.800828
vt 0.966154 0.283968
vt 0.973312 0.276272
vt 0.973312 0.309036
vt 0.962934 0.309930
vt 0.962930 0.291754
vt 0.981218 0.117919
vt 0.970841 0.118697
vt 0.970841 0.086183
vt 0.978011 0.092669
vt 0.981225 0.099869
vt 0.700461 0.429830
vt 0.707888 0.436822
vt 0.712180 0.449996
vt 0.428950 0.201197
vt 0.428742 0.205709
vt 0.423995 0.205741
vt 0.424207 0.201228
vt 0.355721 0.963483
vt 0.312568 0.059275
vt 0.308189 0.059348
vt 0.308189 0.054635
vt 0.312568 0.054515
vt 0.187793 0.465009
vt 0.192552 0.464977
vt 0.983863 0.179364
vt 0.979151 0.179297
vt 0.284841 0.683318
vt 0.284872 0.676999
vt 0.284872 0.708223
vt 0.978588 0.933168
vt 0.960280 0.936384
vt 0.960280 0.901395
vt 0.974316 0.901535
vt 0.977129 0.904113
vt 0.117913 0.356090
vt 0.117914 0.350633
vt 0.122653 0.350633
vt 0.122652 0.356090
vt 0.742501 0.004295
vt 0.747527 0.004136
vt 0.770631 0.004564
vt 0.122652 0.343612
vt 0.117913 0.343612
vt 0.424181 0.183303
vt 0.428903 0.183271
vt 0.053593 0.518069
vt 0.053593 0.515035
vt 0.358478 0.557041
vt 0.477424 0.102870
vt 0.473069 0.102853
vt 0.473110 0.093697
vt 0.477424 0.093459
vt 0.531406 0.138034
vt 0.974139 0.859891
vt 0.974139 0.834760
vt 0.978347 0.835650
vt 0.981225 0.858359
vt 0.984764 0.561240
vt 0.985182 0.585570
vt 0.975771 0.585504
vt 0.975771 0.561189
vt 0.304655 0.966622
vt 0.304655 0.987765
vt 0.295498 0.987820
vt 0.295914 0.966690
vt 0.888772 0.494454
vt 0.897457 0.494863
vt 0.925834 0.745299
vt 0.011289 0.948655
vt 0.014507 0.956455
vt 0.014503 0.974631
vt 0.004146 0.973692
vt 0.004146 0.940928
vt 0.966896 0.706114
vt 0.966889 0.688065
vt 0.970103 0.680869
vt 0.977269 0.674391
vt 0.977269 0.706904
vt 0.339258 0.910007
vt 0.327281 0.909667
vt 0.543518 0.928403
vt 0.543518 0.916421
vt 0.550554 0.916422
vt 0.550554 0.928471
vt 0.557874 0.916421
vt 0.557874 0.928403
vt 0.320481 0.909656
vt 0.308504 0.910007
vt 0.492582 0.518319
vt 0.308077 0.895679
vt 0.268032 0.903968
vt 0.267899 0.899388
vt 0.294379 0.661804
vt 0.301725 0.659263
vt 0.308712 0.662654
vt 0.379829 0.169353
vt 0.376419 0.172768
vt 0.371597 0.172770
vt 0.368186 0.169358
vt 0.368186 0.164531
vt 0.371597 0.161116
vt 0.376419 0.161114
vt 0.379829 0.164526
vt 0.339663 0.895667
vt 0.379829 0.899700
vt 0.379715 0.904039
vt 0.379578 0.908600
vt 0.550738 0.876144
vt 0.555281 0.876143
vt 0.874455 0.919838
vt 0.880993 0.919850
vt 0.877825 0.960124
vt 0.873768 0.960123
vt 0.268162 0.908281
vt 0.866852 0.919846
vt 0.869050 0.960124
vt 0.546372 0.876143
vt 0.499869 0.263830
vt 0.499869 0.266872
vt 0.299508 0.705857
vt 0.358346 0.160637
vt 0.786104 0.925429
vt 0.789344 0.921410
vt 0.348177 0.271683
vt 0.371916 0.598759
vt 0.545730 0.133206
vt 0.548642 0.134087
vt 0.320481 0.831128
vt 0.297630 0.741194
vt 0.002954 0.528978
vt 0.002954 0.525943
vt 0.009938 0.228472
vt 0.329528 0.866228
vt 0.327281 0.861034
vt 0.528859 0.983227
vt 0.528859 0.994414
vt 0.526962 0.994405
vt 0.527024 0.981166
vt 0.053597 0.580526
vt 0.053586 0.618176
vt 0.036971 0.618198
vt 0.002954 0.550805
vt 0.002954 0.547770
vt 0.328059 0.831570
vt 0.284841 0.701904
vt 0.292746 0.740264
vt 0.201640 0.941853
vt 0.207361 0.949716
vt 0.203778 0.954646
vt 0.195842 0.943739
vt 0.216618 0.952714
vt 0.216618 0.958805
vt 0.225874 0.949703
vt 0.229458 0.954628
vt 0.231595 0.941832
vt 0.237393 0.943710
vt 0.231595 0.932108
vt 0.237393 0.930222
vt 0.225874 0.924245
vt 0.229458 0.919315
vt 0.216618 0.921247
vt 0.216618 0.915156
vt 0.207361 0.924258
vt 0.203778 0.919333
vt 0.201640 0.932129
vt 0.195842 0.930250
vt 0.167584 0.944599
vt 0.163897 0.952367
vt 0.175620 0.945489
vt 0.177185 0.953025
vt 0.979799 0.491459
vt 0.986501 0.493226
vt 0.986501 0.509077
vt 0.172481 0.086442
vt 0.172955 0.078248
vt 0.179364 0.074861
vt 0.179364 0.088363
vt 0.990457 0.944298
vt 0.983061 0.944298
vt 0.986321 0.929829
vt 0.184533 0.925876
vt 0.178550 0.920386
vt 0.179631 0.911604
vt 0.189915 0.920047
vt 0.170507 0.919513
vt 0.166342 0.910946
vt 0.312568 0.385249
vt 0.312196 0.392197
vt 0.306536 0.394337
vt 0.306536 0.382900
vt 0.389599 0.171885
vt 0.390035 0.164945
vt 0.395655 0.161336
vt 0.395655 0.172770
vt 0.396143 0.793530
vt 0.407372 0.793689
vt 0.483697 0.106564
vt 0.483685 0.091887
vt 0.490538 0.091907
vt 0.987820 0.385847
vt 0.987626 0.401829
vt 0.981683 0.403569
vt 0.329459 0.159818
vt 0.333669 0.176786
vt 0.329459 0.180683
vt 0.319549 0.070120
vt 0.305062 0.076915
vt 0.414756 0.793719
vt 0.128885 0.027250
vt 0.105141 0.028589
vt 0.131885 0.006176
vt 0.131885 0.028584
vt 0.105185 0.006181
vt 0.108143 0.027253
vt 0.115221 0.006179
vt 0.385055 0.792388
vt 0.385105 0.802502
vt 0.385095 0.814180
vt 0.385031 0.822963
vt 0.312062 0.123170
vt 0.312062 0.113614
vt 0.539350 0.773158
vt 0.539611 0.761829
vt 0.539350 0.750869
vt 0.312126 0.101881
vt 0.314440 0.152962
vt 0.314464 0.141613
vt 0.312230 0.092454
vt 0.314917 0.130685
vt 0.235191 0.533338
vt 0.237583 0.535722
vt 0.233826 0.548642
vt 0.239985 0.533329
vt 0.241349 0.548642
vt 0.237593 0.530944
vt 0.233826 0.530036
vt 0.241350 0.530036
vt 0.237587 0.533478
vt 0.976136 0.046361
vt 0.717455 0.560727
vt 0.717455 0.595087
vt 0.712019 0.600077
vt 0.712019 0.555722
vt 0.561831 0.172997
vt 0.556429 0.178045
vt 0.556429 0.133603
vt 0.561831 0.138637
vt 0.946935 0.146393
vt 0.938084 0.146349
vt 0.938084 0.101994
vt 0.946935 0.101951
vt 0.784717 0.017443
vt 0.784717 0.051803
vt 0.779378 0.056711
vt 0.779378 0.012528
vt 0.708223 0.712427
vt 0.708223 0.746787
vt 0.702918 0.751745
vt 0.702918 0.707478
vt 0.328394 0.702948
vt 0.319542 0.702905
vt 0.319542 0.658722
vt 0.328394 0.658681
vt 0.948254 0.620240
vt 0.948254 0.654600
vt 0.943013 0.659426
vt 0.943013 0.615415
vt 0.946935 0.159918
vt 0.946935 0.194278
vt 0.941726 0.199147
vt 0.941726 0.155052
vt 0.614585 0.745151
vt 0.605733 0.745108
vt 0.605733 0.701097
vt 0.614585 0.701057
vt 0.949573 0.380291
vt 0.949573 0.414651
vt 0.944430 0.419395
vt 0.944430 0.375556
vt 0.948254 0.856362
vt 0.948254 0.890722
vt 0.943141 0.895500
vt 0.943141 0.851578
vt 0.949573 0.473468
vt 0.940721 0.473425
vt 0.940721 0.429586
vt 0.949573 0.429545
vt 0.141117 0.919784
vt 0.141117 0.954144
vt 0.136072 0.958805
vt 0.136072 0.915139
vt 0.085725 0.913162
vt 0.085725 0.947522
vt 0.080709 0.952211
vt 0.080709 0.908461
vt 0.776804 0.952211
vt 0.767952 0.952168
vt 0.767952 0.908502
vt 0.776804 0.908461
vt 0.002966 0.693744
vt 0.007913 0.698299
vt 0.007913 0.732659
vt 0.002966 0.737238
vt 0.145074 0.008520
vt 0.145074 0.042880
vt 0.140153 0.047479
vt 0.140153 0.003901
vt 0.953530 0.948254
vt 0.944678 0.948211
vt 0.944678 0.904717
vt 0.953530 0.904676
vt 0.121849 0.006178
vt 0.425897 0.793531
vt 0.304900 0.070155
vt 0.189915 0.954848
vt 0.981683 0.387601
vt 0.490613 0.106778
vt 0.105677 0.480821
vt 0.109465 0.463987
vt 0.109465 0.484018
vt 0.980590 0.507492
vt 0.859983 0.494563
vt 0.864485 0.508040
vt 0.860995 0.503109
vt 0.894181 0.800538
vt 0.893170 0.809085
vt 0.889680 0.814016
vt 0.605441 0.518319
vt 0.483685 0.407525
vt 0.615513 0.092583
vt 0.466528 0.630045
vt 0.466520 0.651513
vt 0.109863 0.451644
vt 0.106611 0.455029
vt 0.103897 0.455006
vt 0.104581 0.447841
vt 0.109842 0.447884
vt 0.002954 0.536857
vt 0.002954 0.539891
vt 0.381813 0.613872
vt 0.381833 0.610113
vt 0.387101 0.610073
vt 0.387753 0.617239
vt 0.385069 0.617260
vt 0.104577 0.429649
vt 0.109745 0.429692
vt 0.109795 0.439010
vt 0.104579 0.438967
vt 0.104560 0.348010
vt 0.104562 0.356883
vt 0.109307 0.348049
vt 0.104564 0.366201
vt 0.104574 0.411458
vt 0.109647 0.411500
vt 0.109697 0.420818
vt 0.104576 0.420775
vt 0.387120 0.510241
vt 0.382368 0.510277
vt 0.109355 0.356923
vt 0.109405 0.366241
vt 0.382028 0.573728
vt 0.387108 0.573690
vt 0.387107 0.583007
vt 0.381978 0.583046
vt 0.104566 0.375075
vt 0.104568 0.384392
vt 0.109550 0.393308
vt 0.109600 0.402626
vt 0.104572 0.402584
vt 0.104570 0.393266
vt 0.109452 0.375115
vt 0.109502 0.384433
vt 0.381931 0.591921
vt 0.387105 0.591881
vt 0.387103 0.601199
vt 0.381881 0.601239
vt 0.387118 0.519115
vt 0.382126 0.555536
vt 0.387112 0.555498
vt 0.387110 0.564816
vt 0.382076 0.564854
vt 0.382223 0.537344
vt 0.382173 0.546662
vt 0.387117 0.528432
vt 0.382321 0.519151
vt 0.382271 0.528469
vt 0.229480 0.067783
vt 0.225833 0.071218
vt 0.225833 0.065617
vt 0.371916 0.230799
vt 0.368270 0.227369
vt 0.371544 0.224766
vt 0.173181 0.339366
vt 0.176726 0.342901
vt 0.170690 0.342721
vt 0.100233 0.283553
vt 0.096585 0.280123
vt 0.100233 0.277975
vt 0.086664 0.451501
vt 0.096003 0.451504
vt 0.095868 0.455077
vt 0.086525 0.455074
vt 0.395651 0.613734
vt 0.405013 0.613731
vt 0.405148 0.617301
vt 0.395785 0.617304
vt 0.392647 0.617263
vt 0.911195 0.361612
vt 0.914544 0.356863
vt 0.920128 0.353967
vt 0.948045 0.353946
vt 0.953634 0.356834
vt 0.956990 0.361577
vt 0.920100 0.344605
vt 0.948036 0.344605
vt 0.371188 0.221360
vt 0.954075 0.342091
vt 0.914062 0.342091
vt 0.910650 0.338654
vt 0.910663 0.320067
vt 0.957474 0.320067
vt 0.957486 0.338654
vt 0.167283 0.342475
vt 0.167283 0.230209
vt 0.173123 0.230619
vt 0.099004 0.455032
vt 0.799055 0.012812
vt 0.796024 0.018252
vt 0.795844 0.018171
vt 0.794589 0.014748
vt 0.011248 0.151668
vt 0.011248 0.145600
vt 0.013189 0.148826
vt 0.214723 0.071218
vt 0.214723 0.064805
vt 0.217610 0.068723
vt 0.013188 0.178571
vt 0.013188 0.184639
vt 0.011246 0.181795
vt 0.459294 0.808667
vt 0.454151 0.832156
vt 0.449942 0.832046
vt 0.454780 0.808976
vt 0.806341 0.010320
vt 0.829411 0.005477
vt 0.829522 0.009703
vt 0.806069 0.014809
vt 0.306217 0.498526
vt 0.306217 0.488775
vt 0.311217 0.490744
vt 0.311249 0.497739
vt 0.452498 0.844325
vt 0.448240 0.843982
vt 0.841347 0.003777
vt 0.841876 0.008018
vt 0.496173 0.160281
vt 0.496181 0.153291
vt 0.501164 0.151276
vt 0.501164 0.160900
vt 0.451907 0.855677
vt 0.447530 0.855663
vt 0.381248 0.231005
vt 0.381260 0.223212
vt 0.386423 0.222566
vt 0.386423 0.233437
vt 0.853027 0.003069
vt 0.853042 0.007443
vt 0.393117 0.234756
vt 0.393117 0.223892
vt 0.398281 0.224535
vt 0.398293 0.232323
vt 0.051435 0.004105
vt 0.051435 0.221567
vt 0.051433 0.221567
vt 0.049397 0.218095
vt 0.049397 0.003932
vt 0.791390 0.238817
vt 0.616915 0.415489
vt 0.623660 0.407780
vt 0.625133 0.416319
vt 0.778809 0.236143
vt 0.625112 0.402967
vt 0.625113 0.402966
vt 0.005244 0.003338
vt 0.005275 0.220958
vt 0.003249 0.224205
vt 0.003247 0.224205
vt 0.003247 0.003332
vt 0.625071 0.473468
vt 0.625069 0.473468
vt 0.623636 0.470527
vt 0.625135 0.463167
vt 0.616971 0.462523
vt 0.852755 0.237099
vt 0.865167 0.009575
vt 0.865167 0.234615
vt 0.824328 0.242609
vt 0.808872 0.245306
vt 0.613420 0.439059
vt 0.625135 0.427924
vt 0.614928 0.451038
vt 0.625119 0.440041
vt 0.625118 0.451788
vt 0.424498 0.212933
vt 0.424670 0.214973
vt 0.210686 0.214973
vt 0.207035 0.212935
vt 0.207035 0.212933
vt 0.462805 0.798468
vt 0.680581 0.781447
vt 0.028151 0.414165
vt 0.019957 0.415001
vt 0.021393 0.406460
vt 0.019928 0.401647
vt 0.019930 0.401648
vt 0.032293 0.003338
vt 0.034290 0.003332
vt 0.034290 0.224205
vt 0.034288 0.224205
vt 0.032261 0.220958
vt 0.681550 0.855390
vt 0.679053 0.867804
vt 0.454027 0.867804
vt 0.028081 0.461199
vt 0.021384 0.469207
vt 0.019941 0.461848
vt 0.019931 0.472149
vt 0.019928 0.472149
vt 0.683268 0.794025
vt 0.689759 0.811507
vt 0.687064 0.826962
vt 0.031652 0.437733
vt 0.019964 0.426605
vt 0.019981 0.438723
vt 0.030139 0.449713
vt 0.019976 0.450469
vt 0.986186 0.484017
vt 0.980848 0.484018
vt 0.980693 0.483089
vt 0.983723 0.483088
vt 0.766701 0.856294
vt 0.763512 0.852524
vt 0.764064 0.851680
vt 0.767535 0.855775
vt 0.759009 0.850507
vt 0.753742 0.850647
vt 0.753793 0.849635
vt 0.759162 0.849490
vt 0.745881 0.852642
vt 0.743630 0.849887
vt 0.743022 0.847377
vt 0.746390 0.851513
vt 0.749214 0.875864
vt 0.764024 0.869900
vt 0.764655 0.870536
vt 0.750099 0.876401
vt 0.159885 0.538686
vt 0.159886 0.533815
vt 0.160815 0.533734
vt 0.160815 0.539018
vt 0.983723 0.467177
vt 0.980693 0.467178
vt 0.980848 0.466249
vt 0.986186 0.466248
vt 0.872907 0.183071
vt 0.876389 0.178986
vt 0.876945 0.179838
vt 0.873750 0.183597
vt 0.881298 0.176809
vt 0.886667 0.176969
vt 0.886753 0.177990
vt 0.881450 0.177834
vt 0.894064 0.178869
vt 0.897444 0.174743
vt 0.896829 0.177250
vt 0.894570 0.179998
vt 0.890283 0.203747
vt 0.875744 0.197841
vt 0.876393 0.197188
vt 0.890377 0.202858
vt 0.872549 0.193528
vt 0.871537 0.188259
vt 0.872499 0.188372
vt 0.873441 0.193222
vt 0.670671 0.720292
vt 0.670672 0.710650
vt 0.671601 0.711763
vt 0.671600 0.718273
vt 0.896159 0.213797
vt 0.895079 0.207304
vt 0.896177 0.207153
vt 0.896991 0.212000
vt 0.767943 0.861078
vt 0.768890 0.860967
vt 0.745130 0.878871
vt 0.745293 0.879943
vt 0.766989 0.865931
vt 0.767863 0.866233
vt 0.743512 0.888483
vt 0.735695 0.911494
vt 0.736819 0.917921
vt 0.747676 0.909420
vt 0.749837 0.915646
vt 0.687511 0.718274
vt 0.687512 0.711764
vt 0.903444 0.245306
vt 0.890433 0.242995
vt 0.892038 0.236662
vt 0.904589 0.238883
vt 0.893872 0.199815
vt 0.271681 0.602705
vt 0.255770 0.602715
vt 0.255772 0.598371
vt 0.271683 0.598361
vt 0.746523 0.872460
vt 0.890726 0.199352
vt 0.749670 0.872006
vt 0.255772 0.584629
vt 0.271683 0.584618
vt 0.761618 0.867312
vt 0.878791 0.194624
vt 0.176725 0.543367
vt 0.160814 0.543367
vt 0.176726 0.539018
vt 0.763710 0.864644
vt 0.876707 0.191950
vt 0.176726 0.533734
vt 0.764440 0.861334
vt 0.875986 0.188637
vt 0.763664 0.858034
vt 0.160815 0.528555
vt 0.176726 0.528555
vt 0.876772 0.185340
vt 0.761535 0.855395
vt 0.160813 0.524502
vt 0.176724 0.524502
vt 0.878908 0.182706
vt 0.758473 0.853936
vt 0.917829 0.851581
vt 0.933740 0.851581
vt 0.933747 0.856731
vt 0.917836 0.856731
vt 0.881975 0.181256
vt 0.755080 0.853945
vt 0.933743 0.862033
vt 0.917832 0.862033
vt 0.885368 0.181275
vt 0.933729 0.869123
vt 0.917819 0.869123
vt 0.747869 0.856463
vt 0.745519 0.857540
vt 0.987820 0.467176
vt 0.987820 0.483087
vt 0.892571 0.183813
vt 0.894919 0.184898
vt 0.735740 0.845530
vt 0.740609 0.844516
vt 0.899866 0.171887
vt 0.904732 0.172915
vt 0.981130 0.341879
vt 0.981808 0.340951
vt 0.986501 0.340959
vt 0.986501 0.358728
vt 0.981808 0.358720
vt 0.981130 0.357790
vt 0.200412 0.072714
vt 0.204853 0.072459
vt 0.205741 0.072504
vt 0.205741 0.078826
vt 0.200411 0.079131
vt 0.185905 0.075259
vt 0.186792 0.075096
vt 0.191233 0.075351
vt 0.191233 0.081769
vt 0.185905 0.081463
vt 0.687553 0.741033
vt 0.687511 0.738622
vt 0.688438 0.741077
vt 0.671600 0.738621
vt 0.671559 0.741032
vt 0.670672 0.741194
vt 0.573183 0.625396
vt 0.573186 0.641391
vt 0.573366 0.624511
vt 0.573367 0.624509
vt 0.688440 0.716444
vt 0.688440 0.741078
vt 0.744195 0.886433
vt 0.748243 0.906815
vt 0.747678 0.909420
vt 0.573927 0.642278
vt 0.573925 0.642277
s 1
f 1/1/1 2/2/2 481/3/3 472/4/3
f 2/5/4 4/6/4 479/7/4 481/8/4
f 4/6/5 5/9/5 478/10/5 479/7/5
f 497/11/6 496/12/6 493/13/6 521/14/6 523/15/7 21/16/8 490/17/6
f 7/18/9 8/19/10 476/20/11 480/21/11
f 8/19/12 9/22/12 474/23/12 476/20/12
f 1059/24/13 1061/25/14 1077/26/15 1049/27/15
f 10/28/16 12/29/16 475/30/16 477/31/16
f 12/29/17 14/32/17 473/33/17 475/30/17
f 14/34/18 1/1/19 472/4/20 473/35/20
f 7/18/9 16/36/21 17/37/22 8/19/10
f 852/38/23 851/39/23 847/40/24 850/41/25
f 271/42/26 388/43/27 67/44/28 199/45/29
f 1040/46/30 1003/47/30 1004/48/30 1039/49/30
f 38/50/31 385/51/31 395/52/32 33/53/33
f 207/54/34 187/55/29 271/42/26
f 1304/56/35 1312/57/35 1319/58/35 1311/59/35
f 1391/60/36 1398/61/37 1401/62/36
f 49/63/38 283/64/38 284/65/38
f 16/36/21 7/18/9 499/66/39 520/67/40
f 523/15/7 522/68/41 21/16/8
f 849/69/42 852/70/42 645/71/42 646/72/42
f 1112/73/43 1110/74/44 1109/75/45 1108/76/43 1111/77/43
f 527/78/16 528/79/16 29/80/46 28/81/47
f 339/82/48 326/83/49 330/84/49 338/85/48 343/86/48
f 940/87/23 945/88/50 866/89/51 865/90/23 928/91/23 938/92/23
f 537/93/52 538/94/53 544/95/54
f 1102/96/55 1123/97/56 1122/98/57 1101/99/58
f 1390/100/59 1385/101/59 1384/102/59 1389/103/59
f 17/104/60 484/105/60 483/106/60 8/107/60
f 27/108/61 31/109/62 370/110/62 368/111/63
f 30/112/64 25/113/65 369/114/66 371/115/64
f 98/116/67 60/117/68 38/50/69 104/118/70
f 199/45/29 203/119/34 271/42/26
f 375/120/71 26/121/72 166/122/72 165/123/73
f 1467/124/74 1453/125/75 1487/126/76
f 374/127/77 24/128/77 30/112/64 371/115/64
f 375/129/78 370/110/62 31/109/62 26/130/78
f 81/131/79 74/132/79 73/133/80 82/134/81
f 86/135/82 33/136/83 32/137/84
f 554/138/23 665/139/23 661/140/23 545/141/23
f 97/142/85 59/143/85 60/117/68 98/116/67
f 28/81/47 149/144/86 153/145/87
f 77/146/88 76/147/89 384/148/89 385/51/90
f 106/149/91 142/150/92 36/151/93
f 60/117/68 89/152/67 38/50/69
f 146/153/94 28/81/47 153/145/87
f 32/137/95 94/154/95 95/155/95
f 762/156/96 758/157/97 756/158/97 755/159/97
f 173/160/16 201/161/16 234/162/16 242/163/16
f 79/164/98 80/165/98 81/166/98 82/167/98
f 99/168/98 96/169/98 97/170/98 98/171/98
f 72/172/23 70/173/28 91/174/29 93/175/23
f 82/134/81 73/133/80 29/80/46
f 56/176/23 57/177/28 78/178/29 77/146/23
f 236/179/99 237/180/13 484/181/13 495/182/100
f 60/117/23 61/183/28 90/184/29 89/152/23
f 56/185/101 55/186/101 54/187/101 57/188/101
f 175/189/29 159/190/34 271/42/26
f 128/191/102 129/192/102 121/193/102 125/194/102
f 136/195/101 134/196/101 132/197/101 135/198/101
f 47/199/35 48/200/103 385/201/103
f 386/202/104 116/203/104 117/204/105 387/205/106
f 123/206/13 122/207/107 120/208/108 121/193/13
f 121/193/109 40/209/110 123/206/111
f 62/210/98 64/211/98 65/212/98 63/213/98
f 137/214/107 105/215/108 106/149/13 140/216/13
f 120/208/108 122/207/107 391/217/112
f 92/218/113 83/219/114 85/220/23 32/221/23 95/222/23
f 110/223/13 107/224/107 143/225/108 144/226/13
f 1180/227/115 1181/228/115 1173/229/115 1172/230/115
f 589/231/116 577/232/117 571/233/118 565/234/119 830/235/120 628/236/121 635/237/122
f 396/238/123 397/239/35 284/240/123 283/241/123
f 147/242/124 143/225/108 150/243/107 151/244/99
f 110/245/98 111/246/125 108/247/98 107/248/98
f 103/249/101 102/250/101 100/251/101 101/252/101
f 141/253/101 142/254/101 106/255/101 105/256/101
f 748/257/126 761/258/126 764/259/127 747/260/126
f 1027/261/23 1031/262/23 1034/263/23
f 119/264/101 113/265/101 112/266/101 118/267/101
f 153/268/98 152/269/98 151/270/98 150/271/98
f 122/272/98 123/273/98 131/274/98 130/275/98
f 84/276/28 63/277/29 65/278/23 86/279/23
f 60/280/101 59/281/101 58/282/101 61/283/101
f 455/284/35 439/285/35 441/286/35 456/287/35
f 147/288/101 148/289/101 149/290/101
f 699/291/128 682/292/129 684/293/129
f 164/294/130 27/295/131 271/42/26 167/296/132
f 87/297/98 88/298/98 89/299/98 90/300/98
f 92/301/98 95/302/133 94/303/134
f 154/304/101 155/305/101 146/306/101 145/307/101
f 128/308/98 127/309/98 126/310/98 129/311/98
f 82/312/23 69/313/23 67/44/28 79/314/29
f 109/315/135 111/316/135 36/317/135
f 78/318/98 75/319/98 76/320/98 77/321/98
f 117/322/98 116/323/98 114/324/98 115/325/98
f 85/326/101 83/327/101 84/328/101 86/329/101
f 303/330/136 297/331/137 487/332/138 489/333/139
f 117/204/13 115/334/107 112/335/108 113/336/13
f 150/243/107 145/337/108 146/338/13 153/339/13
f 141/340/124 108/341/99 109/342/13 36/151/13 142/150/13
f 69/343/101 68/344/101 66/345/101 67/346/101
f 125/347/101 121/348/101 120/349/101 124/350/101
f 132/351/108 134/352/13 133/353/13
f 138/354/98 137/355/98 140/356/98 139/357/98
f 261/358/98 260/359/98 259/360/98 258/361/98
f 191/362/98 188/363/98 190/364/98 189/365/98
f 192/366/98 194/367/98 193/368/98 195/369/98
f 181/370/23 183/371/34 163/372/29 161/373/23
f 201/374/23 203/119/34 199/45/29 197/375/23
f 157/376/23 159/190/34 175/189/29 173/377/23
f 258/378/13 259/379/107 221/380/140 220/381/13
f 540/382/141 541/383/142 550/384/143 548/385/144
f 166/386/145 26/387/145 31/388/145 27/295/131 164/294/130
f 174/389/23 172/390/113 200/391/114 202/392/23
f 362/393/146 363/394/147 341/395/148 340/396/149
f 1101/397/150 1094/398/151 1097/399/152 1107/400/153
f 1171/401/115 1170/402/115 1178/403/115 1179/404/115
f 201/405/101 202/406/101 200/407/101 203/408/101
f 268/409/154 213/410/155 233/411/156 235/412/107 494/413/157
f 770/414/23 763/415/23 762/416/23 765/417/23 768/418/23
f 1398/419/158 1399/420/159 1404/421/160 1403/422/160
f 357/423/161 341/395/148 363/394/147 354/424/162
f 817/425/163 557/426/13 547/427/164
f 205/428/23 207/54/34 195/429/29 193/430/23
f 244/431/101 245/432/101 238/433/101 239/434/101
f 187/435/98 184/436/98 186/437/98 185/438/98
f 222/439/101 223/440/101 220/441/101 221/442/101
f 267/443/165 266/444/165 262/445/165 263/446/165
f 393/447/138 298/448/137 304/449/136 390/450/139
f 218/451/16 212/452/16 161/453/16 209/454/16
f 168/455/114 176/456/113 179/457/166 171/458/34
f 821/459/167 833/460/168 834/461/169
f 173/160/16 242/163/16 238/462/16 157/463/16
f 211/464/34 163/372/29 271/42/26
f 1443/465/36 1430/466/36 1441/467/170
f 66/468/114 196/469/113 199/45/29 67/44/28
f 204/470/114 184/471/113 187/55/29 207/54/34
f 79/314/29 67/44/28 388/43/27
f 388/43/27 63/277/29 84/276/28
f 308/472/171 1524/473/172 313/474/172
f 25/475/173 30/476/129 24/477/129 266/478/129 267/479/174
f 130/480/99 131/481/13 119/482/13 118/483/124
f 224/484/175 225/485/176 263/486/177 262/487/175
f 217/488/140 213/410/155 268/409/154
f 272/489/35 46/490/35 382/491/35 388/492/35
f 111/246/125 109/493/125 108/247/98
f 478/10/178 5/9/179 18/494/180
f 671/495/13 556/496/13 551/497/13 549/498/13 666/499/13
f 1031/262/23 1027/261/23 1026/500/23 1029/501/23
f 131/481/102 123/206/111 113/336/181 119/482/102
f 207/502/101 205/503/101 206/504/101 204/505/101
f 165/506/182 166/507/182 164/508/182 167/509/182
f 354/424/162 363/394/147 364/510/183
f 839/511/184 845/512/185 645/513/186 596/514/184
f 355/515/187 344/516/188 360/517/189
f 904/518/190 893/519/191 876/520/192
f 301/521/193 302/522/193 389/523/194
f 215/524/98 214/525/98 213/526/98 212/527/98
f 209/528/23 211/464/34 187/55/29 185/529/23
f 159/530/101 157/531/101 158/532/101 156/533/101
f 183/534/101 181/535/101 182/536/101 180/537/101
f 175/538/98 172/539/98 174/540/98 173/541/98
f 160/542/98 162/543/98 161/544/98 163/545/98
f 228/546/101 216/547/101 217/548/101 227/549/101
f 243/550/98 242/551/98 251/552/98 250/553/98
f 169/554/23 171/458/34 191/555/29 189/556/23
f 199/557/98 196/558/98 198/559/98 197/560/98
f 179/561/195 176/562/195 178/563/195 177/564/195
f 211/565/101 209/566/101 210/567/101 208/568/101
f 165/569/196 167/296/132 179/457/166 177/570/196
f 212/571/13 213/410/155 217/488/140 216/572/13
f 265/573/197 264/574/197 225/575/197 224/576/197
f 170/577/101 168/578/101 171/579/101 169/580/101
f 242/581/13 243/582/13 239/583/13 238/584/13
f 575/585/198 571/233/118 581/586/199
f 377/587/200 380/588/201 493/589/202 496/590/203
f 388/591/27 271/592/26 270/593/204 389/523/194
f 148/594/13 147/242/124 151/244/99 152/595/13
f 88/596/23 87/597/113 54/598/114 55/599/23
f 191/555/29 171/458/34 271/42/26
f 1252/600/115 1260/601/115 1261/602/115 1253/603/115
f 390/450/139 489/333/139 486/604/112 391/605/112
f 1149/606/115 1150/607/115 1158/608/115 1157/609/115
f 126/610/107 120/208/108 391/217/112
f 1097/611/205 1096/612/206 1103/613/207
f 298/448/137 393/447/138 392/614/208 299/615/209
f 391/217/112 105/215/108 137/214/107
f 1098/616/210 1093/617/211 1105/618/212
f 269/619/213 379/620/213 369/114/66 25/113/65 268/621/213
f 390/450/139 304/449/136 303/330/136 489/333/139
f 625/622/163 592/623/214 623/624/214 652/625/214 651/626/214
f 44/627/35 383/628/35 386/629/35 43/630/35
f 222/631/124 221/380/140 225/485/176 264/632/99
f 140/216/215 106/149/91 40/209/110
f 66/468/114 68/633/23 53/634/23 198/635/23 196/469/113
f 1093/617/211 1057/636/216 1054/637/214 1053/638/214 1052/639/214 1095/640/217
f 1110/74/44 1049/27/15 1077/26/15 1080/641/218 1089/642/218 1088/643/218 1109/75/45
f 84/276/28 83/219/114 92/218/113 91/174/29
f 563/644/219 564/645/219 570/646/220 567/647/220
f 118/483/124 112/335/108 122/207/107 130/480/99
f 870/648/221 874/649/222 875/650/222 871/651/221
f 137/214/107 132/351/108 391/217/112
f 922/652/223 921/653/224 881/654/225 882/655/225 917/656/226 919/657/227
f 488/658/228 487/332/138 297/331/137 300/659/229
f 944/660/230 867/661/231 941/662/232
f 661/140/23 662/663/23 667/664/23 545/141/23
f 488/658/228 300/659/229 301/521/193 482/665/233
f 930/666/13 949/667/13 869/668/13 871/669/13
f 381/670/234 39/671/235 37/672/235 380/673/234 377/674/234 376/675/234
f 535/676/236 532/677/237 541/383/238
f 89/152/67 88/596/85 55/599/85 56/176/239
f 278/678/240 397/679/240 396/680/241 279/681/242
f 1393/682/36 1394/683/36 1391/60/36
f 1087/684/243 1055/685/243 1056/686/243 1082/687/243 1097/399/152 1094/398/151 1051/688/243
f 1151/689/115 1144/690/115 1152/691/115 1159/692/115
f 913/693/244 902/694/245 966/695/246
f 388/43/27 78/178/29 57/177/28
f 1061/25/14 1062/696/14 1077/26/15
f 669/697/23 665/139/23 554/138/23 553/698/23 559/699/23
f 1095/700/247 1121/701/248 1123/97/56
f 1226/702/115 1234/703/115 1233/704/115 1225/705/115
f 64/706/249 102/707/249 103/708/250 65/278/251
f 319/709/252 1525/710/252 1526/711/252 322/712/252
f 774/713/23 794/714/23 796/715/23
f 1114/716/253 1050/717/254 1049/718/254 1110/719/253 1112/720/253 1115/721/253
f 293/722/255 403/723/255 402/724/256 294/725/256
f 368/111/63 378/726/257 270/727/257 271/728/257 27/108/61
f 805/729/13 772/730/13 807/731/13
f 428/732/258 429/733/258 49/734/258 284/735/259 417/736/260
f 576/737/261 575/738/198 582/739/262
f 389/523/194 482/665/233 301/521/193
f 890/740/263 895/741/264 909/742/265
f 774/713/23 792/743/23 794/714/23
f 1461/744/266 1488/745/267 1477/746/268 1460/747/269
f 689/748/23 687/749/145 710/750/23 714/751/23
f 1390/752/51 1388/753/51 1397/754/270 1385/755/271
f 288/756/272 398/757/272 403/723/255 293/722/255
f 34/758/273 371/759/274 369/760/23 37/761/23
f 796/715/23 798/762/23 773/763/23 774/713/23
f 300/764/275 297/765/275 303/766/275 301/767/275
f 299/768/276 302/769/276 304/770/276 298/771/276
f 304/449/136 302/522/193 301/521/193 303/330/136
f 305/772/277 306/773/277 308/774/277 307/775/277
f 307/776/278 308/472/171 312/777/279 311/778/278
f 311/779/280 312/780/280 310/781/280 309/782/280
f 309/783/281 310/784/282 306/785/283 305/786/281
f 307/787/16 311/788/16 309/789/16 305/790/16
f 308/791/16 306/792/16 1523/793/16 1524/794/16
f 547/795/172 539/796/172 530/797/172 531/798/172 540/799/172 548/800/172
f 258/801/16 220/802/284 169/803/285 189/804/16
f 568/805/286 574/806/287 572/807/288 622/808/289
f 906/809/290 916/810/291 894/811/292
f 183/371/34 191/555/29 271/42/26
f 310/812/16 312/813/16 313/814/16 314/815/16
f 876/520/192 890/740/263 909/742/265 904/518/190
f 879/816/293 911/817/294 877/818/295
f 333/819/296 361/820/297 343/86/298
f 616/821/299 590/822/300 610/823/301 614/824/302
f 548/385/144 550/384/143 558/825/23
f 319/709/303 322/712/303 321/826/303 320/827/303
f 732/828/304 734/829/305 676/830/306
f 314/831/307 313/832/307 320/833/307 321/834/307
f 338/85/308 337/835/308 333/819/296 343/86/298
f 1525/836/309 319/837/309 320/838/309 313/839/309 1524/840/309
f 591/841/310 547/795/172 667/842/311 662/843/310
f 323/844/35 324/845/35 348/846/35 349/847/35
f 324/848/172 323/849/172 350/850/312 347/851/313
f 325/852/314 326/853/314 328/854/314 327/855/314
f 331/856/315 332/857/316 330/858/316 329/859/315
f 186/860/23 184/471/113 204/470/114 206/861/23
f 327/862/16 331/863/16 329/864/16 325/865/16
f 365/866/317 358/867/187 352/868/318
f 704/869/319 700/870/320 699/871/320 703/872/321
f 340/873/322 339/874/323 343/875/324
f 359/876/325 345/877/326 342/878/327
f 837/879/328 841/880/329 842/881/330
f 679/882/35 739/883/35 735/884/35 680/885/35
f 337/886/331 336/887/332 347/851/313 350/850/312
f 1491/888/333 1488/889/334 1463/890/335 1465/891/336 1487/126/76 1493/892/333
f 370/893/337 41/894/338 39/895/13 368/896/13
f 11/897/339 523/898/339 521/899/340 3/900/341
f 255/901/13 254/902/124 231/903/99 232/904/13
f 338/905/342 330/858/316 332/857/316 335/906/342 336/907/342 337/908/342
f 339/909/343 340/910/343 326/911/343
f 72/912/344 93/913/345 33/136/83 29/80/346
f 363/914/13 353/915/13 364/916/13
f 351/917/23 362/918/23 360/919/23
f 323/920/23 349/921/23 350/922/23
f 362/923/311 351/924/347 353/925/348 363/926/311
f 352/927/349 358/928/349 367/929/349
f 352/868/318 355/515/187 362/393/146
f 144/930/350 149/144/351 28/81/352
f 329/931/13 330/84/49 326/83/49 325/932/13
f 354/424/162 364/510/183 356/933/353
f 550/934/354 541/935/355 543/936/356
f 51/937/35 386/629/35 387/938/35 49/939/35
f 358/867/187 361/940/357 344/516/188
f 103/708/23 101/941/28 104/118/23
f 357/942/358 354/943/358 366/944/358
f 354/424/359 356/933/359 366/945/359
f 356/933/360 346/946/360 366/945/360
f 346/947/361 357/942/361 366/944/361
f 358/867/362 344/516/362 367/948/362
f 344/516/360 355/515/360 367/948/360
f 355/949/363 352/927/363 367/929/363
f 753/950/364 755/159/364 756/158/364 754/951/364
f 203/119/34 175/189/29 271/42/26
f 257/952/13 256/953/124 214/954/99 215/955/13
f 391/956/35 275/957/35 274/958/35 390/959/35
f 787/960/16 788/961/16 775/962/16 783/963/16 784/964/16 771/965/16 773/966/16
f 34/967/365 37/672/235 39/671/235 41/968/365
f 372/969/366 50/970/367 45/971/367 373/972/366
f 41/968/365 45/971/367 50/970/367 34/967/365
f 902/973/51 878/974/368 886/975/369
f 459/976/35 447/977/35 449/978/35 460/979/35
f 273/980/35 272/489/35 388/492/35 389/981/35
f 835/982/370 836/983/371 611/984/372 613/985/373 837/879/328 838/986/370
f 457/987/35 443/988/35 445/989/35 458/990/35
f 58/991/114 96/992/113 99/993/29 61/183/28
f 1402/994/36 1399/995/374 1388/996/36
f 483/997/13 52/998/13 155/999/13 154/1000/124 485/1001/100
f 770/414/23 764/1002/23 763/415/23
f 1030/1003/13 1032/1004/13 1033/1005/13
f 284/240/123 397/239/35 400/1006/35 291/1007/35
f 174/1008/16 202/1009/16 201/161/16 173/160/16
f 479/1010/35 478/1011/35 431/1012/35 424/1013/35
f 481/1014/35 479/1010/35 424/1013/35 408/1015/35 404/1016/35
f 844/1017/375 843/1018/375 639/1019/376 641/1020/377
f 290/1021/35 289/1022/35 398/1023/35 399/1024/35
f 480/1025/378 478/10/178 18/494/180 7/1026/378
f 1482/1027/379 1477/746/268 1488/745/267 1489/1028/379
f 80/1029/113 71/1030/114 74/1031/23 81/1032/23
f 237/180/13 52/998/13 483/997/13 484/181/13
f 70/173/28 79/314/29 388/43/27
f 1262/1033/115 1263/1034/115 1255/1035/115 1254/1036/115
f 144/1037/101 143/1038/101 147/288/101 149/290/101
f 622/808/289 562/1039/380 568/805/286
f 640/1040/381 641/1020/377 639/1019/376
f 244/1041/124 248/1042/99 249/1043/13 245/1044/13
f 383/628/35 44/627/35 275/957/35 391/956/35
f 525/1045/16 527/78/16 28/81/47 52/1046/382 237/1047/16 226/1048/16
f 676/830/306 540/382/141 531/1049/383 673/1050/383 670/1051/383
f 74/1052/101 71/1053/101 73/1054/101
f 272/1055/384 273/1056/385 411/1057/385 410/1058/384
f 284/735/259 291/1059/386 420/1060/386 417/736/260
f 416/1061/387 282/1062/388 48/1063/389 426/1064/389 427/1065/389
f 274/1066/390 275/1067/391 413/1068/391 412/1069/390
f 42/1070/392 46/1071/393 405/1072/393 404/1073/392
f 276/1074/394 277/1075/395 415/1076/395 414/1077/394
f 295/1078/396 296/1079/397 423/1080/397 422/1081/396
f 44/1082/398 43/1083/399 406/1084/399 407/1085/398
f 823/1086/400 563/1087/401 820/1088/402
f 46/1071/393 272/1089/384 410/1090/384 405/1072/393
f 292/1091/403 295/1078/396 422/1081/396 421/1092/403
f 562/1039/380 563/1087/401 567/1093/404 568/805/405
f 273/1056/385 276/1074/394 414/1077/394 411/1057/385
f 296/1079/397 289/1094/406 418/1095/406 423/1080/397
f 47/1096/407 42/1070/392 404/1073/392 408/1097/407
f 555/1098/408 557/1099/409 561/1100/410
f 277/1075/395 274/1066/390 412/1069/390 415/1076/395
f 43/1083/399 51/1101/411 409/1102/411 406/1084/399
f 290/1103/412 282/1062/388 416/1061/387 419/1104/412
f 275/1105/391 44/1082/398 407/1085/398 413/1106/391
f 428/1107/413 427/1108/413 426/1109/413 429/1110/413
f 424/1013/414 431/1012/414 430/1111/414 425/1112/414
f 433/1113/35 453/1114/35 461/1115/35 451/1116/35
f 424/1117/415 425/1118/415 48/1119/415 47/1096/407 408/1097/407
f 49/1120/416 48/1121/416 425/1122/416 430/1123/416
f 631/1124/417 590/822/300 616/821/299 615/1125/418 641/1020/419
f 429/1126/420 426/1127/420 48/1128/420 49/1129/420
f 422/1130/35 423/1131/35 418/1132/35 419/1133/35 416/1134/35 427/1108/35 428/1107/35 417/1135/35 420/1136/35 421/1137/35
f 650/1138/421 626/1139/422 651/626/423
f 431/1140/424 409/1102/411 51/1101/411 49/1141/424 430/1142/424
f 432/1143/425 453/1144/426 452/1145/427
f 452/1146/428 454/1147/428 436/1148/428
f 454/1147/429 455/1149/429 438/1150/429
f 438/1150/430 455/1149/431 456/1151/432
f 440/1152/433 456/1153/432 457/1154/434
f 442/1155/435 457/1154/434 458/1156/436
f 444/1157/437 458/1158/436 459/1159/438
f 459/1159/439 460/1160/439 448/1161/439
f 449/1162/440 447/1163/441 469/1164/442
f 460/1165/443 461/1166/443 450/1167/443
f 450/1168/444 461/1169/445 453/1144/426
f 433/1113/35 435/1170/35 452/1171/35 453/1114/35
f 534/1172/446 731/1173/447 674/1174/448
f 232/1175/16 229/1176/16 252/1177/16 255/1178/16
f 352/868/318 362/393/146 340/396/149 365/866/317
f 346/946/449 359/1179/450 341/395/148
f 755/159/97 757/1180/451 762/156/96
f 21/16/8 522/68/41 20/1181/452 19/1182/452 22/1183/452
f 324/1184/13 347/1185/13 348/1186/13
f 220/802/284 224/1187/453 177/1188/454 169/803/285
f 443/1189/455 441/1190/456 466/1191/457
f 451/1192/458 449/1162/440 470/1193/459
f 445/1194/460 443/1189/455 467/1195/461
f 439/1196/462 437/1197/463 464/1198/464
f 433/1199/465 451/1200/458 471/1201/466
f 447/1202/441 445/1194/460 468/1203/467
f 441/1204/456 439/1196/462 465/1205/468
f 433/1199/469 463/1206/470 462/1207/471
f 218/1208/101 219/1209/101 256/1210/101 257/1211/101
f 229/1212/98 232/1213/98 231/1214/98 230/1215/98
f 246/1216/98 249/1217/98 248/1218/98 247/1219/98
f 252/1220/101 253/1221/101 254/1222/101 255/1223/101
f 241/1224/101 234/1225/101 233/1226/101 240/1227/101
f 1159/692/115 1158/608/115 1150/607/115 1151/689/115
f 407/1228/35 476/1229/35 474/1230/35 413/1231/35
f 1169/1232/115 1177/1233/115 1176/1234/115 1168/1235/115
f 270/593/204 490/1236/233 482/665/233 389/523/194
f 229/1237/13 230/1238/13 219/1239/13 218/1240/13
f 253/1241/13 252/1242/13 246/1243/13 247/1244/13
f 1313/1245/35 1312/57/35 1304/56/35 1305/1246/35
f 235/412/107 233/411/156 234/1247/13 226/1248/13
f 846/1249/472 843/1250/472 844/1251/473 646/1252/474 645/513/186 845/512/185
f 391/217/112 107/224/107 105/215/108
f 830/235/120 829/1253/475 818/1254/476
f 638/1255/477 845/1256/478 839/1257/479 593/1258/480
f 830/235/120 818/1254/476 817/425/163 547/427/164 591/1259/163 678/1260/163 625/622/163 628/236/121
f 557/426/13 546/1261/481 547/427/164
f 494/1262/157 492/1263/482 269/1264/483 268/1265/154
f 139/1266/484 140/216/215 134/352/485 136/1267/484
f 939/1268/486 946/1269/487 945/88/488
f 649/1270/489 624/1271/489 594/1272/489 629/1273/490 647/1274/489
f 921/1275/224 920/1276/491 924/1277/492
f 342/878/493 345/877/493 335/1278/493 332/1279/494 328/1280/495
f 491/1281/496 492/1282/497 17/1283/498 16/1284/499
f 496/590/203 497/1285/500 376/1286/501 377/587/200
f 629/1287/502 630/1288/503 647/1289/504
f 342/1290/505 328/1291/505 341/1292/505
f 328/1291/16 326/911/16 340/910/16 341/1292/16
f 989/1293/506 984/1294/507 999/1295/508
f 499/1296/172 498/1297/172 529/1298/172 520/1299/172
f 1329/1300/35 1335/1301/35 1343/1302/35 1337/1303/35
f 699/291/128 533/1304/509 682/292/129
f 1175/1305/115 1174/1306/115 1182/1307/115 1183/1308/115
f 529/1309/510 498/1310/511 2/2/2 15/1311/512
f 383/1312/100 391/217/112 115/334/107 114/1313/99
f 1227/1314/115 1228/1315/115 1236/1316/115 1235/1317/115
f 1313/1318/35 1319/1319/35 1318/1320/35 1314/1321/35
f 500/1322/12 1495/1323/12 1496/1324/12 502/1325/12
f 502/1326/513 1496/1327/514 1497/1328/514 504/1329/515
f 504/1329/16 1497/1328/16 1498/1330/16 506/1331/16
f 506/1331/516 1498/1330/517 1499/1332/517 508/1333/518
f 508/1334/519 1499/1335/519 1500/1336/519 510/1337/519
f 510/1337/520 1500/1336/520 1501/1338/520 512/1339/520
f 512/1340/521 1501/1341/521 1502/1342/521 514/1343/521
f 514/1343/172 1502/1342/172 1503/1344/172 516/1345/172
f 469/1346/522 468/1347/523 512/1348/524 514/1349/525
f 516/1345/526 1503/1344/526 1504/1350/526 518/1351/526
f 518/1352/11 1504/1353/11 1495/1323/11 500/1322/11
f 470/1354/527 469/1346/522 514/1349/525 516/1355/528
f 526/1356/529 6/1357/530 3/1358/530 525/1359/529
f 15/1311/512 528/1360/531 529/1309/510
f 528/1361/532 527/1362/532 520/1363/532 529/1364/532
f 527/1365/533 16/36/21 520/67/40
f 20/1366/534 522/1367/535 13/1368/536
f 11/1369/16 13/1368/16 522/1367/16 523/1370/16
f 6/1357/530 13/1371/35 11/1372/35 3/1358/530
f 521/899/340 524/1373/537 3/900/341
f 162/1374/23 160/1375/113 208/1376/114 210/1377/23
f 583/1378/538 579/1379/539 697/1380/540
f 1229/1381/115 1230/1382/115 1238/1383/115 1237/1384/115
f 670/1385/541 732/1386/542 676/1387/543
f 97/142/23 96/992/113 58/991/114 59/143/23
f 254/902/124 253/1388/544 230/1389/544 231/903/99
f 536/1390/545 537/1391/545 544/1392/546 543/936/546
f 32/137/84 33/136/83 93/913/345 94/154/547
f 532/677/237 536/1393/548 541/383/238
f 533/1304/549 534/1172/550 538/94/53
f 881/1394/551 884/1395/551 883/1396/551 882/1397/551
f 544/1392/552 546/1398/553 557/1099/409 555/1098/408
f 541/383/238 536/1393/548 543/1399/554
f 178/1400/23 176/456/113 168/455/114 170/1401/23
f 538/1402/555 546/1398/553 544/1392/552
f 1032/1403/556 1040/1404/557 1039/1405/557 1027/1406/558
f 129/192/13 126/610/107 132/351/108 133/353/13
f 543/936/16 544/1392/16 555/1098/559 552/1407/559
f 135/1408/124 132/351/108 137/214/107 138/1409/99
f 550/934/354 543/936/356 552/1407/560 558/1410/561
f 879/1411/562 877/1412/563 893/1413/564 894/1414/562
f 498/1415/38 499/1416/565 5/1417/566 4/1418/567
f 532/1419/568 533/1420/568 537/1391/545 536/1390/545
f 558/825/23 822/1421/569 548/385/144
f 1333/1422/35 1332/1423/35 1340/1424/35 1341/1425/35
f 570/646/570 569/1426/571 575/738/198 576/737/261
f 923/1427/572 897/1428/573 880/1429/574 914/1430/575
f 918/1431/576 916/810/577 905/1432/578
f 1058/1433/23 1050/1434/579 1078/1435/579 1060/1436/580
f 1003/47/30 1001/1437/30 1002/1438/30 1004/48/30
f 289/1094/406 290/1439/412 419/1440/412 418/1095/406
f 564/1441/581 832/1442/582 569/1443/571 570/1444/570
f 19/1445/583 20/1446/584 15/1311/512
f 100/1447/114 62/1448/113 63/277/29 101/941/28
f 1225/705/115 1233/704/115 1232/1449/115 1224/1450/115
f 106/1451/91 36/317/93 35/1452/585
f 567/647/220 570/646/220 576/737/586 573/1453/586
f 568/1454/405 567/647/404 573/1453/587 574/1455/287
f 1062/1456/588 1064/1457/588 1076/1458/588 1077/1459/588
f 525/1460/589 3/1461/589 16/36/21 527/1365/533
f 572/807/288 574/806/287 580/1462/590
f 575/585/198 581/586/199 582/1463/262
f 91/174/29 70/173/28 388/43/27
f 571/233/118 577/232/117 581/586/199
f 573/1453/591 576/737/591 582/739/592 579/1464/592
f 574/1455/287 573/1453/587 579/1464/593
f 365/1465/594 340/1466/322 343/86/324 361/820/594
f 992/1467/23 1000/1468/23 999/1469/23
f 766/1470/13 757/1471/13 760/1472/13 769/1473/13 767/1474/13
f 580/1462/590 579/1379/593 583/1378/595 584/1475/596
f 1259/1476/115 1260/601/115 1252/600/115 1251/1477/115
f 537/93/52 533/1304/549 538/94/53
f 582/1463/262 581/586/199 585/1478/597 586/1479/598
f 308/472/171 313/474/172 312/777/279
f 1126/1480/599 1125/1481/599 1124/1482/599 1127/1483/599
f 956/1484/23 868/1485/23 953/1486/145
f 240/1487/124 233/1488/544 243/1489/544 250/1490/99
f 663/1491/600 621/1492/600 677/1493/601 664/1494/602
f 665/1495/603 592/1496/604 678/1497/601 661/1498/605
f 106/1451/91 35/1452/585 40/1499/110
f 597/1500/606 598/1501/607 599/1502/608
f 600/1503/609 601/1504/610 602/1505/611
f 600/1503/609 605/1506/612 606/1507/613 601/1504/610
f 604/1508/614 598/1501/607 597/1500/606 603/1509/615
f 608/1510/616 836/1511/617 835/1512/617 607/1513/618
f 603/1514/619 609/1515/620 610/1516/301
f 607/1513/618 606/1517/621 605/1518/612
f 837/1519/622 610/1516/301 609/1515/620 838/1520/622
f 587/1521/623 598/1501/607 604/1508/614 590/1522/300
f 598/1523/607 587/1524/623 584/1475/596 583/1378/595 599/1525/624
f 597/1500/606 601/1504/610 606/1507/613 603/1509/615
f 582/739/592 698/1526/625 697/1527/625 579/1464/592
f 600/1503/609 588/1528/626 589/1529/116 605/1506/612
f 600/1530/609 602/1531/627 586/1479/598 585/1478/597 588/1532/626
f 874/1533/628 870/1534/629 934/1535/630
f 614/824/302 615/1125/418 616/821/299
f 593/1258/480 617/1536/631 618/1537/632
f 464/1538/633 437/1539/634 435/1540/635
f 593/1258/480 839/1257/479 840/1541/636 617/1536/631
f 841/1542/637 615/1125/418 614/824/302 842/1543/638
f 614/824/302 610/823/301 837/1544/639 842/1543/638
f 1132/1545/640 1172/1546/641 1173/1547/641 1133/1548/640
f 590/822/300 604/1549/614 610/823/301
f 608/1550/616 617/1536/631 840/1541/636 836/1551/642
f 608/1550/616 605/1552/612 589/231/116
f 70/173/28 71/1030/114 80/1029/113 79/314/29
f 124/1553/124 120/208/108 126/610/107 127/1554/99
f 388/43/27 57/177/28 90/184/29
f 1401/62/36 1402/994/36 1388/996/36 1389/1555/36 1393/682/36 1391/60/36
f 397/679/240 278/678/240 286/1556/643 400/1557/643
f 832/1442/582 564/1441/581 815/1558/644
f 822/1421/569 558/825/561 560/1559/645 819/1560/646
f 221/380/140 259/379/107 268/409/154
f 666/1561/647 594/1562/648 624/1563/649 671/1564/649
f 669/1565/650 623/1566/650 592/1567/604 665/1568/603
f 647/1274/504 648/1569/651 649/1270/652
f 650/1138/421 651/626/423 652/625/653
f 630/1570/503 648/1569/651 647/1274/504
f 632/1571/654 633/1572/655 634/1573/656 631/1124/657
f 626/1139/422 627/1574/658 628/236/659 625/622/660
f 626/1575/422 625/1576/660 651/1577/423
f 629/1273/502 634/1573/656 633/1572/655 630/1570/503
f 636/1578/661 637/1579/662 638/1255/663 635/237/664
f 627/1574/658 636/1578/661 635/237/664 628/236/659
f 1313/1580/665 1305/1581/665 1311/1582/665 1319/1583/665
f 631/1124/657 641/1020/377 640/1040/381 632/1571/654
f 639/1019/666 843/1018/667 642/1584/668
f 774/713/23 790/1585/23 792/743/23
f 846/1586/669 644/1587/670 643/1588/671
f 1099/1589/672 1098/1590/673 1106/1591/674
f 1113/1592/675 1052/1593/676 1117/1594/677
f 650/1595/678 648/1596/678 630/1597/678 626/1598/678
f 279/681/242 396/680/241 35/1599/679
f 626/1600/680 630/1601/680 633/1602/681 627/1603/681
f 388/43/27 90/184/29 61/183/28
f 627/1603/681 633/1602/681 632/1604/682 636/1605/682
f 1257/1606/115 1256/1607/115 1248/1608/115 1249/1609/115
f 1453/1610/683 1452/1611/684 1476/1612/685 1487/1613/686
f 388/43/27 101/941/28 63/277/29
f 948/1614/687 953/1486/145 868/1485/23 866/89/51
f 636/1605/682 632/1604/682 640/1615/688 637/1616/688
f 932/1617/23 870/1534/23 868/1485/23 956/1484/23
f 966/695/246 965/1618/689 883/1396/690 884/1395/691
f 637/1616/688 640/1615/688 639/1619/692 644/1620/692
f 718/1621/693 693/1622/694 691/1623/490
f 228/1624/13 227/1625/124 260/1626/99 261/1627/13
f 541/383/142 540/382/141 676/830/306 535/676/695
f 644/1620/692 639/1619/692 642/1628/696 643/1629/696
f 249/1630/16 246/1631/16 238/462/16 245/1632/16
f 382/1633/697 75/1634/113 78/178/29 388/43/27
f 621/1635/698 663/1636/698 668/1637/699 548/800/172
f 650/1638/700 652/1639/700 623/1640/700 624/1641/700 649/1642/700 648/1643/700
f 1395/1644/701 1371/1645/702 1374/1646/703
f 653/1647/704 656/1648/704 655/1649/705 654/1650/705
f 657/1651/706 660/1652/706 659/1653/707 658/1654/707
f 642/1584/668 843/1018/667 654/1655/708 655/1656/708
f 657/1651/706 656/1648/704 653/1647/704 660/1652/706
f 659/1657/709 660/1658/709 653/1659/709 654/1660/709 843/1250/472 846/1249/472
f 657/1661/710 658/1662/710 643/1663/710 642/1664/710 655/1665/710 656/1666/710
f 846/1586/669 643/1588/671 658/1667/711 659/1668/711
f 689/748/23 714/751/23 718/1621/693 691/1623/490
f 171/458/34 179/457/166 271/42/26
f 542/1669/712 545/1670/712 667/1671/713 668/1672/713
f 553/1673/714 554/1674/715 549/1675/715 551/1676/714
f 545/1670/712 542/1669/712 549/1675/715 554/1674/715
f 388/43/27 99/993/29 101/941/28
f 268/409/154 263/486/177 225/485/176
f 556/1677/716 559/1678/716 553/1679/716 551/1680/716
f 683/1681/145 681/1682/145 702/1683/717
f 695/1684/718 693/1622/694 718/1621/693 725/1685/719
f 373/1686/720 165/123/73 177/1188/454 224/1187/453 262/1687/721 372/1688/722
f 1154/1689/115 1153/1690/115 1145/1691/115 1146/1692/115
f 681/1682/145 532/677/723 702/1683/717
f 141/340/124 105/215/108 107/224/107 108/341/99
f 163/372/29 183/371/34 271/42/26
f 190/1693/23 188/1694/113 180/1695/114 182/1696/23
f 54/598/114 87/597/113 90/184/29 57/177/28
f 285/1697/724 294/725/256 402/724/256 401/1698/724
f 1381/1699/725 1369/1700/726 1396/1701/727
f 664/1494/602 677/1493/601 594/1702/648 666/1703/647
f 661/1498/605 678/1497/601 591/1704/728 662/1705/728
f 682/1706/729 681/1707/729 683/1708/730 684/1709/730
f 36/317/93 111/316/731 110/1710/732 35/1452/585
f 684/1709/730 683/1708/730 685/1711/733 686/1712/733
f 686/1712/733 685/1711/733 687/1713/734 688/1714/734
f 690/1715/735 689/1716/735 691/1717/736 692/1718/736
f 688/1714/734 687/1713/734 689/1719/735 690/1720/735
f 692/1718/736 691/1717/736 693/1721/737 694/1722/737
f 694/1722/737 693/1721/737 695/1723/738 696/1724/738
f 696/1724/738 695/1723/738 697/1725/739 698/1726/739
f 29/1727/740 33/53/33 395/52/32
f 604/1728/614 603/1514/619 610/1516/301
f 699/1729/741 700/1730/741 680/1731/741
f 701/1732/742 702/1733/742 679/1734/742
f 721/1735/743 722/1736/744 723/1737/745 724/1738/746
f 725/1739/747 726/1740/748 727/1741/749 728/1742/750
f 706/1743/751 702/1744/752 701/1745/752 705/1746/753
f 291/1747/386 292/1091/403 421/1092/403 420/1748/386
f 815/1558/644 816/1749/754 818/1254/476
f 819/1560/646 820/1088/402 822/1421/569
f 708/1750/755 704/869/319 703/872/321 707/1751/756
f 710/1752/757 706/1743/751 705/1746/753 709/1753/758
f 709/1754/758 713/1755/759 714/751/760 710/750/757
f 712/1756/761 708/1757/755 707/1758/756 711/1759/762
f 716/1760/763 712/1756/761 711/1759/762 715/1761/764
f 718/1621/765 714/751/760 713/1755/759 717/1762/766
f 726/1763/767 717/1764/767 720/1765/767
f 1464/1766/768 1466/1767/769 1462/1768/770
f 152/1769/79 153/145/87 149/144/86 148/1770/79
f 56/176/239 77/146/88 385/51/90 38/50/69
f 764/259/127 760/1771/771 747/260/126
f 679/882/772 680/885/772 700/870/772 701/1745/772
f 306/785/283 310/784/282 314/1772/172
f 702/1683/717 532/677/723 679/1773/773
f 1108/1774/774 1087/1775/775 1111/1776/776
f 215/1777/16 212/452/16 218/451/16 257/1778/16
f 1081/1779/777 1082/1780/778 1091/1781/779
f 246/1631/16 252/1177/16 205/1782/16 193/1783/16
f 177/1188/454 178/1784/780 170/1785/780 169/803/285
f 705/1746/781 704/869/781 708/1750/782 709/1753/782
f 405/1786/35 410/1787/35 473/1788/35 472/1789/35
f 709/1753/782 708/1750/782 712/1790/783 713/1791/783
f 803/1792/13 785/1793/13 772/730/13
f 190/1794/16 182/1795/16 181/1796/16 189/804/16
f 713/1797/783 712/1798/783 716/1799/784 717/1800/784
f 1/1/1 19/1445/583 15/1311/512 2/2/2
f 477/1801/35 415/1802/35 412/1803/35 413/1231/35 474/1230/35
f 717/1800/784 716/1799/784 719/1804/785 720/1805/785
f 180/1695/114 188/1694/113 191/555/29 183/371/34
f 525/1045/16 226/1048/16 234/162/16 201/161/16 197/1806/786 526/1807/786
f 492/1282/497 494/1808/787 495/1809/787 484/1810/787 17/1283/498
f 728/1811/788 599/1525/788 583/1378/538 697/1380/540 695/1684/718 725/1685/719
f 238/462/16 246/1631/16 193/1783/16 157/463/16
f 52/1046/382 28/81/47 146/153/94 155/1812/789
f 371/759/274 34/758/273 50/1813/790 372/1814/790 374/1815/790
f 267/479/174 263/486/177 268/409/154 25/475/173
f 29/80/346 73/133/791 72/912/344
f 721/1735/792 724/1738/793 601/1504/793 597/1500/793 727/1741/793 726/1740/792
f 602/1531/794 601/1816/794 724/1817/746 723/1818/745
f 599/1525/795 728/1811/750 727/1819/749 597/1820/795
f 1390/1821/36 1389/1555/36 1388/996/36
f 729/1822/796 730/1823/797 731/1173/798
f 672/1824/799 534/1172/446 674/1174/448
f 127/1554/99 128/191/13 125/194/13 124/1553/124
f 187/55/29 211/464/34 271/42/26
f 731/1825/800 730/1826/800 674/1827/800
f 734/829/305 535/676/695 676/830/306
f 735/1828/801 736/1829/802 737/1830/803
f 738/1831/804 739/1832/805 740/1833/806
f 533/1834/807 680/1835/807 735/1836/807
f 737/1830/803 534/1172/550 533/1304/549
f 532/677/237 740/1833/806 739/1832/805
f 620/1837/808 595/1838/808 841/1839/808
f 534/1172/446 737/1830/809 731/1173/447
f 535/676/236 740/1833/806 532/677/237
f 306/785/283 314/1772/172 1523/1840/172
f 596/1841/810 619/1842/810 839/1843/810
f 731/1173/798 737/1830/811 729/1822/796
f 729/1822/812 737/1830/813 736/1829/814
f 745/1844/815 744/1845/815 743/1846/815 746/1847/815
f 1538/1848/816 1549/1849/816 1550/1850/816 1539/1851/816
f 1537/1852/816 746/1853/816 743/1854/816 1548/1855/816
f 1534/1856/816 1545/1857/816 1546/1858/816 1535/1859/816
f 1547/1860/816 1551/1861/816 1530/1862/816 1536/1863/816
f 1532/1864/816 1531/1865/816 1542/1866/816 1543/1867/816
f 735/1868/816 739/1869/816 1528/1870/816 1541/1871/816
f 1529/1872/816 1533/1873/816 1544/1874/816 1540/1875/816
f 373/1876/817 45/1877/817 41/894/338 370/893/337 375/1878/817
f 1567/1879/818 1568/1880/818 738/1831/804
f 772/1881/665 774/1882/665 773/1883/665 771/1884/665
f 386/629/35 51/937/35 43/630/35
f 801/1885/23 787/1886/23 773/763/23
f 216/1887/16 258/801/16 189/804/16 181/1796/16
f 454/1888/35 437/1889/35 439/285/35 455/284/35
f 762/1890/819 763/1891/819 759/1892/819 758/1893/819
f 759/1894/23 761/1895/23 748/1896/23 750/1897/23 752/1898/23 754/1899/23 756/1900/23 758/1901/23
f 763/1891/820 764/1902/820 761/1903/820 759/1892/820
f 751/1904/821 753/1905/821 754/1906/821 752/1907/821
f 800/1908/23 801/1885/23 773/763/23
f 259/379/107 217/488/140 268/409/154
f 296/1909/35 295/1910/35 402/1911/35 403/1912/35
f 757/1180/451 766/1913/822 765/1914/822 762/156/96
f 456/287/35 441/286/35 443/988/35 457/987/35
f 452/1171/35 435/1170/35 437/1889/35 454/1888/35
f 208/1376/114 160/1375/113 163/372/29 211/464/34
f 590/822/300 578/1915/823 580/1462/590 584/1475/824 587/1524/824
f 613/985/373 612/1916/825 837/879/328
f 767/1917/820 769/1918/820 770/1919/820 768/1920/820
f 766/1921/819 767/1917/819 768/1920/819 765/1922/819
f 159/190/34 195/429/29 271/42/26
f 382/491/35 46/490/35 42/1923/35 384/1924/35
f 764/259/127 770/1925/826 769/1926/826 760/1771/771
f 449/978/35 451/1116/35 461/1115/35 460/979/35
f 241/1927/13 240/1487/124 250/1490/99 251/1928/13
f 747/260/827 749/1929/827 750/1930/827 748/257/827
f 749/1931/828 751/1904/828 752/1907/828 750/1932/828
f 526/1807/786 197/1806/786 198/1933/786 53/1934/829 29/80/46 528/79/16
f 327/1935/23 328/1280/495 332/1279/494 331/1936/23
f 393/1937/35 277/1938/35 276/1939/35 392/1940/35
f 390/959/35 274/958/35 277/1938/35 393/1937/35
f 492/1263/482 493/589/202 380/588/201 379/1941/830 269/1264/483
f 480/1942/35 406/1943/35 409/1944/35 431/1012/35 478/1011/35
f 276/1939/35 273/980/35 389/981/35 392/1940/35
f 445/989/35 447/977/35 459/976/35 458/990/35
f 212/452/16 216/1887/16 181/1796/16 161/453/16
f 42/1923/35 47/199/35 385/201/103 384/1924/35
f 481/1014/35 404/1016/35 405/1786/35 472/1789/35
f 802/1945/831 788/1946/832 787/1886/832 801/1885/833
f 814/1947/834 784/1948/835 783/1949/835 813/1950/836
f 789/1951/837 791/1952/838 792/743/839 790/1585/837
f 791/1952/838 793/1953/840 794/714/841 792/743/839
f 793/1953/840 795/1954/842 796/715/843 794/714/841
f 795/1954/842 797/1955/844 798/762/845 796/715/843
f 797/1955/844 799/1956/846 800/1908/847 798/762/845
f 799/1956/846 802/1945/831 801/1885/833 800/1908/847
f 785/1793/848 803/1792/849 804/1957/850 786/1958/848
f 803/1792/849 805/729/851 806/1959/852 804/1957/850
f 805/729/851 807/731/853 808/1960/854 806/1959/852
f 807/731/853 809/1961/855 810/1962/856 808/1960/854
f 809/1961/855 811/1963/857 812/1964/858 810/1962/856
f 811/1963/857 814/1947/834 813/1950/836 812/1964/858
f 775/1965/859 777/1966/860 813/1967/861 783/1968/859
f 73/1054/101 71/1053/101 70/1969/101 72/1970/101
f 790/1971/172 774/1972/172 772/1973/172 785/1974/172 786/1975/172 776/1976/172 789/1977/172
f 889/1978/862 890/1979/862 872/1980/863 875/1981/864 878/1982/862
f 283/241/123 49/939/35 387/938/35 396/238/123
f 782/1983/865 776/1984/866 786/1985/866 804/1986/867
f 104/118/23 101/941/28 99/993/29 98/116/23
f 771/1987/13 784/1948/13 814/1947/13
f 788/1988/868 802/1989/869 777/1966/870 775/1965/868
f 53/1934/829 68/1990/871 69/1991/872 29/80/46
f 222/631/124 264/632/99 265/1992/13 223/1993/13
f 791/1994/873 789/1995/874 776/1984/874 782/1983/875
f 296/1909/35 403/1912/35 398/1023/35 289/1022/35
f 793/1996/876 791/1994/873 782/1983/875 781/1997/877
f 571/233/118 575/585/198 569/1443/878 831/1998/879
f 795/1999/880 793/1996/876 781/1997/877 780/2000/881
f 100/1447/114 102/707/23 64/706/23 62/1448/113
f 797/2001/882 795/1999/880 780/2000/881 779/2002/883
f 401/2003/35 292/2004/35 291/1007/35 400/1006/35
f 799/2005/884 797/2001/882 779/2002/883 778/2006/885
f 93/2007/98 91/2008/98 92/301/98 94/303/134
f 802/1989/869 799/2005/884 778/2006/885 777/1966/870
f 781/1997/886 782/1983/865 804/1986/867 806/2009/887
f 1410/2010/888 1407/2011/889 1399/420/159 1398/419/158
f 780/2000/890 781/1997/886 806/2009/887 808/2012/891
f 117/204/105 113/336/181 40/209/110 387/205/106
f 779/2002/892 780/2000/890 808/2012/891 810/2013/893
f 282/2014/103 290/1021/35 399/1024/35 394/2015/35
f 778/2006/894 779/2002/892 810/2013/893 812/2016/895
f 227/1625/124 217/488/140 259/379/107 260/1626/99
f 777/1966/860 778/2006/894 812/2016/895 813/1967/861
f 295/1910/35 292/2004/35 401/2003/35 402/1911/35
f 816/1749/754 817/425/896 818/1254/476
f 820/1088/402 821/459/167 822/1421/569
f 823/2017/897 824/2018/898 825/2019/899
f 826/2020/900 827/2021/901 828/2022/902
f 819/1560/646 824/2023/903 823/1086/400 820/1088/402
f 815/1558/644 827/2024/904 826/2025/905 816/1749/754
f 853/2026/13 849/2027/13 646/2028/13 595/2029/13 848/2030/13
f 557/426/409 817/425/896 816/1749/754 561/2031/410
f 816/1749/754 826/2025/905 561/2031/410
f 564/1441/581 827/2024/904 815/1558/644
f 558/1410/561 552/1407/560 560/2032/645
f 563/1087/401 562/1039/380 820/1088/402
f 824/2023/903 819/1560/646 560/1559/645
f 561/1100/906 560/2032/906 552/1407/559 555/1098/559
f 827/2021/901 564/645/219 563/644/219 823/2017/897 825/2019/899 828/2022/902
f 830/235/120 831/1998/879 832/1442/582
f 833/460/168 562/1039/380 622/808/289
f 815/1558/644 818/1254/476 829/1253/475 832/1442/582
f 1102/96/55 1095/700/247 1123/97/56
f 16/2033/907 3/2034/907 524/2035/907
f 834/461/169 566/2036/908 572/807/288 578/1915/823 590/822/300 631/1124/417 634/1573/909
f 844/1017/910 641/1020/419 615/1125/418 841/1542/637
f 757/1471/13 755/2037/13 753/2038/13 751/2039/13 749/2040/13 747/2041/13 760/1472/13
f 685/2042/145 706/2043/145 710/750/23 687/749/145
f 15/1311/512 20/1446/584 6/2044/911
f 569/1443/878 832/1442/582 831/1998/879
f 821/459/167 820/1088/402 562/1039/380 833/460/168
f 964/2045/912 940/87/913 938/92/914
f 1057/2046/915 1085/2047/916 1090/2048/917
f 871/669/918 875/1981/864 930/666/919
f 721/2049/920 719/2050/920 716/2051/920
f 839/2052/921 836/983/371 840/2053/922
f 1476/2054/923 1452/2055/924 1480/2056/925
f 682/2057/729 533/1420/568 532/1419/568 681/2058/729
f 406/1943/35 480/1942/35 476/1229/35 407/1228/35
f 884/1395/691 913/693/244 966/695/246
f 368/896/13 39/895/13 381/2059/13 378/2060/13
f 965/1618/689 899/2061/926 912/2062/927
f 911/817/294 899/2061/926 877/818/295
f 900/2063/23 966/2064/23 902/973/51
f 619/1842/928 596/1841/928 850/2065/928
f 960/2066/929 957/2067/930 959/2068/931
f 578/1915/823 572/807/288 580/1462/590
f 595/1838/932 620/1837/933 848/2069/934
f 21/2070/935 23/2071/935 482/2072/935 490/2073/935
f 76/147/23 75/1634/113 382/1633/697 384/148/23
f 865/2074/936 866/2075/937 867/2076/937 864/2077/936
f 853/2078/16 851/2079/16 852/2080/16 849/2081/16
f 900/2063/23 902/973/51 886/975/369 892/2082/23 891/2083/23 901/2084/23
f 848/2069/934 847/2085/938 851/2086/939 853/2087/939
f 903/2088/940 906/809/290 894/811/292
f 858/2089/941 859/2090/941 857/2091/941 856/2092/941
f 855/2093/942 858/2094/942 856/2095/942 854/2096/942
f 860/2097/943 863/2098/943 862/2099/943 861/2100/943
f 857/2101/13 860/2102/13 861/2103/13 854/2104/13 856/2105/13
f 854/2106/944 861/2107/944 862/2108/944 855/2109/944
f 859/2110/945 863/2098/945 860/2097/945 857/2111/945
f 862/2112/23 863/2113/23 859/2114/23 858/2115/23 855/2116/23
f 1082/1780/778 1056/2117/946 1089/2118/947
f 867/2076/937 866/2075/937 868/2119/948 869/2120/948
f 907/2121/949 923/1427/950 908/2122/951
f 869/2120/952 868/2119/952 870/2123/952 871/2124/952
f 874/1533/628 873/2125/953 876/2126/954 877/2127/954
f 964/2045/912 963/2128/955 945/88/488 940/87/913
f 533/1304/509 699/291/128 680/2129/956
f 40/209/957 35/1599/679 396/680/241 387/205/957
f 916/810/577 918/1431/576 915/2130/958
f 908/2131/959 905/2132/959 904/518/190 909/742/265
f 919/2133/227 918/2134/576 905/2132/959 908/2131/959 920/2135/491 922/2136/223
f 1466/1767/769 1452/2055/924 1460/2137/960 1462/1768/770
f 895/2138/961 890/2139/961 889/2140/962 897/2141/963
f 905/1432/578 906/809/964 903/2088/965
f 908/2122/951 909/2142/966 910/2143/967
f 897/1428/968 910/2143/967 909/2142/966 895/2144/968
f 903/2088/965 894/811/969 893/2145/969 904/2146/970
f 1172/230/115 1171/401/115 1179/404/115 1180/227/115
f 876/520/192 873/2147/971 872/2148/971 890/740/263
f 889/2140/962 878/2149/972 880/2150/973
f 29/80/46 69/1991/872 82/134/81
f 936/2151/974 960/2152/929 944/2153/975
f 877/1412/563 876/2154/976 893/1413/564
f 899/2155/13 965/2156/13 898/2157/13
f 38/50/69 86/279/82 65/278/251
f 725/1739/747 718/2158/765 717/1800/766 726/1740/748
f 911/817/294 912/2062/927 899/2061/926
f 913/693/244 914/2159/977 902/694/245
f 917/656/226 918/2160/576 919/657/227
f 920/2161/491 921/653/224 922/652/223
f 918/1431/576 917/2162/226 915/2130/958
f 920/1276/491 923/1427/950 924/1277/492
f 915/2130/978 912/2163/979 911/2164/980 916/810/291
f 913/2165/981 924/1277/982 923/1427/572 914/1430/575
f 114/1313/99 116/203/13 386/202/13 383/1312/100
f 1085/2047/916 1092/2166/983 1084/2167/984 1090/2048/917
f 883/2168/985 912/2163/979 915/2130/978
f 679/2169/986 532/2170/986 739/2171/986
f 884/2172/987 924/1277/982 913/2165/981
f 894/811/292 916/810/291 911/2164/980 879/2173/988
f 883/2174/989 915/2175/958 917/656/226 882/655/989
f 916/810/577 906/809/964 905/1432/578
f 357/423/161 346/946/449 341/395/148
f 225/485/176 221/380/140 268/409/154
f 923/1427/950 920/1276/491 908/2122/951
f 358/867/187 365/866/317 361/940/357
f 924/2176/492 884/2177/990 881/654/990 921/653/224
f 929/2178/991 930/666/919 931/2179/992
f 932/1617/993 933/2180/994 934/1535/995
f 942/2181/996 943/2182/997 944/660/975 941/662/998
f 946/1269/487 947/2183/999 948/1614/1000 945/88/488
f 950/2184/1001 951/2185/1002 952/2186/1003 949/667/1004
f 954/2187/1005 955/2188/1006 956/1484/1007 953/1486/1008
f 959/2189/931 937/2190/1009 935/2191/1010
f 951/2185/1002 942/2181/996 941/662/998 952/2186/1003
f 953/1486/1008 948/1614/1000 947/2183/999 954/2187/1005
f 932/1617/993 956/1484/1007 955/2188/1006 933/2180/994
f 949/667/1004 930/666/919 929/2178/991 950/2184/1001
f 927/2192/1011 928/2193/1011 865/2194/1011 864/2195/1011 925/2196/1011 926/2197/1011
f 236/2198/98 235/2199/98 226/2200/98 237/2201/98
f 356/933/353 364/510/183 359/1179/450
f 955/2202/1012 950/2203/1012 929/2204/1013 933/2205/1013
f 931/2179/992 875/1981/864 872/1980/863
f 934/2206/1014 933/2205/1013 929/2204/1013 931/2207/1014
f 355/515/187 360/517/189 362/393/146
f 1144/690/115 1145/1691/115 1153/1690/115 1152/691/115
f 870/1534/629 932/1617/1015 934/1535/630
f 939/2208/486 936/2209/974 943/2210/1016 946/2211/1016
f 942/2212/1017 947/2213/1017 946/2211/1016 943/2210/1016
f 869/668/13 949/667/13 952/2186/129
f 947/2213/1017 942/2212/1017 951/2214/1018 954/2215/1018
f 344/516/188 361/940/357 360/517/189
f 866/89/51 945/88/50 948/1614/687
f 950/2203/1012 955/2202/1012 954/2215/1018 951/2214/1018
f 957/2067/930 958/2216/1019 959/2068/931
f 961/2217/1020 962/2218/1021 963/2219/955
f 957/2220/1022 960/2152/929 936/2151/974 939/2221/486 963/2222/955 962/2223/1021
f 973/2224/1023 967/2225/1024 982/2226/1025
f 959/2189/931 958/2227/1026 926/2228/1026 925/2229/1026 937/2190/1009
f 961/2217/1020 927/2230/1027 926/2231/1027 958/2216/1027 957/2067/1027 962/2218/1021
f 961/2232/1020 964/2045/912 938/92/914 928/91/1028 927/2233/1028
f 874/1533/628 934/1535/630 873/2125/953
f 875/1981/864 931/2179/992 930/666/919
f 931/2234/1014 872/2148/971 873/2147/971 934/2235/1014
f 898/2157/13 896/2236/13 888/2237/13 887/2238/13 885/2239/1029 899/2155/13
f 722/1736/744 721/1735/743 716/1799/763 715/2240/764
f 877/2241/1030 885/2242/1031 886/2243/1031 878/2244/1030
f 6/2044/1032 20/1446/534 13/2245/536
f 381/2246/233 490/1236/233 270/593/204 378/2247/233
f 144/930/350 28/81/352 35/1452/585 110/1710/732
f 592/623/214 625/622/163 678/1260/163
f 828/2248/902 825/2249/899 824/2250/898 560/2032/1033 561/1100/1033 826/2251/900
f 887/2252/1034 888/2253/1035 891/2254/1035 892/2255/1034
f 896/2256/1036 898/2257/1037 900/2258/1037 901/2259/1036
f 885/2242/1031 887/2252/1034 892/2255/1034 886/2243/1031
f 888/2253/1035 896/2256/1036 901/2259/1036 891/2254/1035
f 346/946/449 356/933/353 359/1179/450
f 719/1804/785 721/1735/792 726/1740/792 720/1805/785
f 89/152/67 56/176/239 38/50/69
f 966/2260/1038 900/2261/1037 898/2262/1037 965/2263/1038
f 1094/2264/1039 1101/99/58 1122/98/57 1120/2265/1040
f 1174/1306/115 1173/229/115 1181/228/115 1182/1307/115
f 603/1514/1041 606/1517/621 607/1513/618 609/1515/1042
f 1235/1317/115 1234/703/115 1226/702/115 1227/1314/115
f 85/220/1043 86/279/82 32/221/84
f 983/2266/1044 971/2267/1044 970/2268/1044 969/2269/1044 968/2270/1044 975/2271/1044
f 145/337/108 150/243/107 391/217/112 486/2272/112
f 972/2273/1045 971/2267/1046 983/2266/1046 982/2226/1025
f 967/2225/1024 972/2273/1045 982/2226/1025
f 1483/2274/1047 1482/2275/1048 1490/2276/1049
f 1485/2277/1050 1480/2056/1051 1484/2278/1052
f 737/1830/803 533/1304/549 735/1828/801
f 376/1286/501 497/1285/500 490/1236/233 381/2246/233
f 1423/2279/1053 1438/2280/1054 1411/2281/1055
f 582/1463/1056 586/1479/1057 698/2282/1058
f 145/337/108 486/2272/112 485/1001/100 154/1000/124
f 132/351/108 126/610/107 391/217/112
f 15/1311/512 6/2044/911 528/1360/531
f 997/2283/23 996/2284/23 995/2285/23 994/2286/23 993/2287/23 992/1467/23 999/1469/23 990/2288/23 991/2289/23 998/2290/23
f 1000/2291/1059 992/2292/1059 985/2293/1059 986/2294/1059 987/2295/1059 988/2296/1059
f 391/217/112 150/243/107 143/225/108
f 1392/2297/1060 1393/2298/1061 1389/2299/1061 1384/2300/1061 1387/2301/1061 1372/2302/1061 1368/2303/1062
f 989/1293/506 999/1295/508 1000/2291/1063 988/2296/1063
f 984/1294/507 990/2304/1064 999/1295/508
f 1484/2305/1065 1479/2306/1066 1483/2307/1047
f 902/694/245 914/2159/977 880/2308/1067 878/2309/1067
f 838/1520/1068 609/1515/1042 607/1513/618 835/1512/1068
f 556/2310/1069 671/2311/1069 669/2312/1069 559/2313/1069
f 608/1510/616 607/1513/618 605/1518/612
f 1439/2314/218 1427/2315/1070 1428/2316/1070 1415/2317/1070 1411/2281/1055 1438/2280/1054
f 4/1418/567 2/2318/1071 498/1415/38
f 771/1987/13 814/1947/13 811/1963/13
f 1432/2319/231 1427/2315/1070 1439/2314/218 1430/2320/231
f 936/2321/974 944/660/975 943/2182/997
f 487/2322/665 10/2323/665 9/2324/665 486/2325/665 489/2326/665
f 1076/1458/588 1064/1457/588 1065/2327/588 1063/2328/588 1066/2329/588 1068/2330/588 1069/2331/588 1079/2332/588
f 1379/2333/1072 1378/2334/1072 1370/2335/1072 1392/2297/1060 1368/2303/1062 1382/2336/1073 1377/2337/1074
f 1006/2338/1075 1005/2339/1075 1025/2340/1075 1026/2341/1075
f 1005/2339/1076 1006/2338/1076 1008/2342/1077 1007/2343/1077
f 1254/1036/115 1253/603/115 1261/602/115 1262/1033/115
f 694/2344/1078 696/2345/1079 722/2346/1080 715/1761/1081
f 1338/2347/35 1330/2348/35 1328/2349/35 1336/2350/35
f 391/217/112 143/225/108 107/224/107
f 1382/2336/1073 1383/2351/1082 1377/2337/1074
f 1007/2343/1077 1008/2342/1077 1010/2352/1083 1009/2353/1083
f 1028/2354/13 1025/2355/13 1032/1004/13 1030/1003/13
f 623/2356/1084 669/2357/1085 671/2358/1086
f 1424/2359/1087 1419/2360/1088 1425/2361/1089
f 1009/2362/1090 1010/2363/1090 1012/2364/1091 1011/2365/1091
f 1013/2366/1092 1014/2367/1092 1016/2368/1093 1015/2369/1093
f 1011/2365/1091 1012/2364/1091 1014/2367/1092 1013/2366/1092
f 1329/1300/35 1337/1303/35 1336/2350/35 1328/2349/35
f 1420/2370/1094 1421/2371/1094 1419/2360/1088 1424/2359/1087 1400/2372/1095 1434/2373/1096 1412/2374/1094
f 1434/2373/1096 1400/2372/1095 1414/2375/1097 1429/2376/1097 1426/2377/1097 1431/2378/1097 1435/2379/1097
f 711/1759/13 690/2380/13 692/2381/163 715/1761/1081
f 392/614/208 389/523/194 302/522/193 299/615/209
f 112/335/108 115/334/107 391/217/112
f 1015/2382/1093 1016/2383/1093 1018/2384/1098 1017/2385/1098
f 722/2346/1080 696/2345/1079 698/2282/1058 586/1479/1057 602/1531/1099 723/1818/1099
f 1017/2385/1098 1018/2384/1098 1020/2386/1100 1019/2387/1100
f 585/1478/1101 581/586/199 577/232/117 589/231/116 588/1532/1101
f 1107/2388/1102 1105/618/212 1100/2389/1103 1102/2390/1104
f 1467/124/74 1487/126/76 1465/891/336
f 1019/2387/1100 1020/2386/1100 1022/2391/1105 1021/2392/1105
f 1432/2393/36 1430/466/36 1431/2394/36
f 1339/2395/35 1340/1424/35 1332/1423/35 1331/2396/35
f 1021/2392/1105 1022/2391/1105 1024/2397/1106 1023/2398/1106
f 1397/754/270 1396/1701/727 1369/1700/726 1373/2399/271 1386/2400/271 1385/755/271
f 122/207/107 112/335/108 391/217/112
f 486/2325/665 9/2324/665 8/2401/665 483/2402/665 485/2403/665
f 1029/2404/1107 1028/2405/1107 1030/2406/1108 1031/2407/1108
f 1026/2408/1109 1025/2409/1109 1028/2405/1107 1029/2404/1107
f 1435/2410/36 1433/2411/36 1436/2412/36
f 285/2413/665 286/2414/665 278/2415/665 279/2416/665 28/2417/665 29/2418/665 280/2419/665 281/2420/665 287/2421/665 288/2422/665 293/2423/665 294/2424/665
f 140/216/215 40/209/110 133/353/1110 134/352/485
f 565/234/119 831/1998/879 830/235/120
f 138/1409/99 139/1266/13 136/1267/13 135/1408/124
f 1155/2425/115 1154/1689/115 1146/1692/115 1147/2426/115
f 492/1263/482 491/2427/1111 493/589/202
f 703/2428/129 686/2429/129 688/2430/129 707/1758/13
f 1031/2407/1108 1030/2406/1108 1033/2431/1112 1034/2432/1112
f 1024/2397/1106 1036/2433/1113 1035/2434/1113 1023/2398/1106
f 1034/2432/1112 1033/2431/1112 1035/2435/1114 1036/2436/1114
f 1239/2437/115 1238/1383/115 1230/1382/115 1231/2438/115
f 1183/1308/115 1177/1233/115 1169/1232/115 1175/1305/115
f 1037/2439/1115 1038/2440/1115 1032/1403/556 1027/1406/558
f 40/209/110 113/336/181 123/206/111
f 1067/2441/588 1078/2442/588 1079/2332/588 1069/2331/588
f 707/1758/13 688/2430/129 690/2380/13 711/1759/13
f 1224/1450/115 1232/1449/115 1239/2437/115 1231/2438/115
f 1228/1315/115 1229/1381/115 1237/1384/115 1236/1316/115
f 1342/2443/35 1334/2444/35 1333/1422/35 1341/1425/35
f 1433/2411/36 1442/2445/36 1440/2446/37
f 1039/2447/1116 1004/2448/1116 1045/2449/1116 1041/2450/1116
f 1045/2451/30 1046/2452/30 1042/2453/30 1041/2454/30
f 1047/2455/30 1048/2456/30 1044/2457/30 1043/2458/30
f 1003/2459/1117 1040/2460/1117 1044/2461/1117 1048/2462/1117
f 1433/2463/1118 1438/2280/1054 1437/2464/1119 1436/2465/1118
f 1001/2466/23 1003/2467/23 1048/2468/23 1047/2469/23
f 1155/2425/115 1147/2426/115 1148/2470/115 1156/2471/115
f 1004/2472/13 1002/2473/13 1046/2474/13 1045/2475/13
f 734/829/305 733/2476/1120 740/1833/1121 535/676/695
f 1081/2477/1122 1083/2478/1122 1099/2479/1122 1096/2480/1122
f 1085/2481/1123 1057/636/216 1093/617/211 1098/616/210
f 1442/2445/36 1433/2411/36 1435/2410/36 1431/2394/36 1430/466/36 1443/465/36
f 1049/718/254 1050/717/254 1058/2482/1124 1059/2483/1124
f 1062/696/14 1061/25/14 1072/2484/1125 1064/2485/1125
f 1064/2486/1126 1072/2487/1126 1071/2488/1127 1065/2489/1127
f 1065/2489/1127 1071/2488/1127 1070/2490/1128 1063/2491/1128
f 1060/1436/580 1067/2492/580 1069/2493/1129 1074/2494/1129
f 1074/2495/1130 1069/2496/1130 1068/2497/1131 1075/2498/1131
f 1075/2498/1131 1068/2497/1131 1066/2499/1132 1073/2500/1132
f 1066/2499/1132 1063/2491/1128 1070/2490/1128 1073/2500/1132
f 499/1416/565 18/2501/1133 5/1417/566
f 771/1987/13 811/1963/13 809/1961/13
f 1078/2502/1134 1084/2167/984 1092/2166/983
f 1080/641/1135 1077/26/1136 1076/2503/1137
f 1079/2504/1138 1092/2166/983 1091/1781/779 1076/2505/1138
f 965/1618/689 912/2062/927 883/1396/690
f 1478/2506/1139 1477/2507/1140 1483/2274/1047
f 1170/402/115 1168/1235/115 1176/1234/115 1178/403/115
f 1476/2054/923 1480/2056/925 1481/2508/1141
f 1073/2509/1142 1070/2510/1142 1071/2511/1142 1072/2512/1142 1061/2513/1142 1059/2514/1142 1058/2515/1142 1060/2516/1142 1074/2517/1142 1075/2518/1142
f 1083/2519/1143 1085/2481/1143 1098/616/1143 1099/2520/1143
f 200/391/114 172/390/113 175/189/29 203/119/34
f 1056/2117/946 1055/2521/1144 1088/2522/1144 1089/2118/947
f 1054/2523/1145 1057/2046/915 1090/2048/917 1086/2524/1145
f 1085/2047/916 1083/2525/1146 1092/2166/983
f 619/2526/1147 847/2085/938 848/2069/934 620/1837/933
f 1083/2525/1146 1081/1779/777 1091/1781/779 1092/2166/983
f 1079/2527/1148 1078/2528/1134 1092/2529/983
f 1091/1781/779 1080/2530/1135 1076/2505/1137
f 1096/612/206 1099/1589/672 1106/1591/674 1103/613/207
f 345/877/1149 359/876/1150 334/2531/1151
f 1104/2532/1152 1107/400/153 1097/399/152
f 499/1416/565 7/2533/1153 18/2501/1133
f 944/660/230 935/2191/13 937/2190/13 925/2229/13 864/2534/13 867/661/231
f 941/662/232 867/661/231 869/668/13 952/2186/129
f 1051/2535/1154 1094/2264/1039 1120/2265/1040 1119/2536/1154
f 1121/701/248 1095/700/247 1052/2537/1155 1118/2538/1155
f 1082/687/1156 1081/2539/1156 1096/2540/1156 1097/399/1156
f 878/2244/1030 875/650/222 874/649/222 877/2241/1030
f 1250/2541/115 1248/1608/115 1256/1607/115 1258/2542/115
f 1258/2542/115 1259/1476/115 1251/1477/115 1250/2541/115
f 612/1916/825 620/2543/1157 841/880/329 837/879/328
f 1103/613/207 1106/1591/674 1107/2544/1158
f 521/899/1159 493/2545/1159 491/2546/1159 524/1373/1159
f 335/1278/1160 345/877/1149 334/2531/1151 336/2547/1160
f 700/870/1161 704/869/781 705/1746/781 701/1745/1161
f 1481/2548/1162 1486/2549/1163 1487/1613/686
f 1097/2550/1164 1103/2551/1165 1104/2552/1166
f 847/40/24 619/2553/1167 850/41/25
f 1093/617/211 1100/2389/1103 1105/618/212
f 1091/1781/779 1082/1780/778 1089/2118/947 1080/2530/1135
f 1098/1590/673 1105/2554/1168 1106/1591/674
f 981/2555/13 974/2556/13 973/2557/13 982/2558/13 975/2559/13 976/2560/13 977/2561/13 978/2562/13 979/2563/13 980/2564/13
f 84/276/28 91/174/29 388/43/27
f 1102/96/55 1101/99/58 1107/2565/1169
f 1104/2552/1166 1103/2551/1165 1107/2566/1170
f 885/2239/1029 877/2567/1171 899/2155/13
f 706/2043/145 685/2042/145 683/1681/145 702/1683/717
f 982/2558/13 983/2568/13 975/2559/13
f 1106/1591/674 1105/2554/1168 1107/2544/1172
f 1117/2569/1173 1116/2570/1174 1114/2571/1175 1115/2572/1173 1113/2573/1173
f 1492/2574/1176 1493/2575/1177 1487/2576/1178 1486/2577/1178 1494/2578/1178
f 910/2143/1179 897/1428/573 923/1427/572
f 907/2121/1180 910/2143/1179 923/1427/572
f 1109/2579/1181 1088/2580/1181 1055/2581/1181 1087/1775/1181 1108/1774/1181
f 1087/1775/775 1051/2582/1182 1111/1776/776
f 1125/2583/1183 1118/2584/1183 1052/1593/676 1113/1592/675 1115/2585/1183
f 1112/2586/1184 1111/1776/776 1051/2582/1182 1119/2587/1184 1124/2588/1184
f 619/2589/1185 611/984/372 836/983/371 839/2052/921
f 1263/1034/115 1257/1606/115 1249/1609/115 1255/1035/115
f 1052/1593/676 1053/2590/1186 1117/1594/677
f 1116/2591/1187 1117/1594/1187 1053/2590/1187 1054/2592/1187 1086/2593/1187
f 1126/2594/13 1123/2595/13 1121/2596/13 1118/2597/13 1125/2598/13
f 1124/2599/23 1119/2600/23 1120/2601/23 1122/2602/23 1127/2603/23
f 1127/2604/172 1122/2605/172 1123/2606/172 1126/2607/172
f 1131/2608/1188 1171/2609/1189 1172/1546/1189 1132/1545/1188
f 1135/2610/1190 1175/2611/1191 1169/2612/1191 1128/2613/1190
f 1129/2614/1192 1168/2615/1193 1170/2616/1193 1130/2617/1192
f 1211/2618/1188 1251/2619/1189 1252/2620/1189 1212/2621/1188
f 1130/2617/1194 1170/2616/1195 1171/2622/1195 1131/2623/1194
f 1134/2624/1196 1174/2625/1197 1175/2626/1197 1135/2627/1196
f 341/395/1198 359/1179/325 342/2628/327
f 1214/2629/1196 1254/2630/1197 1255/2631/1197 1215/2632/1196
f 1289/2633/1199 1328/2634/1200 1330/2635/1200 1290/2636/1199
f 1131/2608/1188 1132/1545/1188 1140/2637/1201 1139/2638/1201
f 1137/2639/1202 1138/2640/1202 1146/2641/1203 1145/2642/1203
f 1134/2624/1196 1135/2627/1196 1143/2643/1204 1142/2644/1204
f 1129/2614/1192 1130/2617/1192 1138/2640/1202 1137/2639/1202
f 1132/1545/640 1133/1548/640 1141/2645/1205 1140/2637/1205
f 1135/2610/1190 1128/2613/1190 1136/2646/1206 1143/2647/1206
f 1128/2613/1207 1129/2648/1207 1137/2649/1208 1136/2646/1208
f 1130/2617/1194 1131/2623/1194 1139/2650/1209 1138/2640/1209
f 1133/2651/1210 1134/2624/1210 1142/2644/1211 1141/2652/1211
f 156/2653/114 192/2654/113 195/429/29 159/190/34
f 1142/2644/1204 1143/2643/1204 1151/2655/1212 1150/2656/1212
f 1140/2637/1205 1141/2645/1205 1149/2657/1213 1148/2658/1213
f 1138/2640/1209 1139/2650/1209 1147/2659/1214 1146/2641/1214
f 1136/2646/1208 1137/2649/1208 1145/2660/1215 1144/2661/1215
f 1143/2647/1206 1136/2646/1206 1144/2661/1216 1151/2662/1216
f 1141/2652/1211 1142/2644/1211 1150/2656/1217 1149/2663/1217
f 1139/2638/1201 1140/2637/1201 1148/2658/1218 1147/2664/1218
f 1154/2665/1214 1155/2666/1214 1163/2667/1214 1162/2668/1214
f 285/1697/724 401/1698/724 400/2669/643 286/2670/643
f 645/2671/23 852/38/23 850/41/25 596/2672/23
f 287/2673/1219 399/2674/1219 398/757/272 288/756/272
f 1167/2675/1220 1160/2676/1220 1161/2677/1220 1162/2678/1220 1163/2679/1220 1164/2680/1220 1165/2681/1220 1166/2682/1220
f 1152/2683/1215 1153/2684/1215 1161/2685/1215 1160/2686/1215
f 1159/2687/1216 1152/2683/1216 1160/2686/1216 1167/2688/1216
f 1157/2689/1217 1158/2690/1217 1166/2691/1217 1165/2692/1217
f 1155/2693/1218 1156/2694/1218 1164/2695/1218 1163/2696/1218
f 1153/2697/1203 1154/2665/1203 1162/2668/1203 1161/2698/1203
f 1158/2690/1212 1159/2699/1212 1167/2700/1212 1166/2691/1212
f 1156/2694/1213 1157/2701/1213 1165/2702/1213 1164/2695/1213
f 281/2703/1221 394/2704/1221 399/2705/1219 287/2706/1219
f 434/2707/1222 452/1146/1223 436/1148/1224
f 432/1143/425 450/1168/444 453/1144/426
f 436/1148/1225 454/1147/1226 438/1150/1227
f 524/2708/1228 491/1281/496 16/1284/499
f 1180/2709/1229 1179/2710/1229 1187/2711/1230 1188/2712/1230
f 1335/1301/35 1334/2444/35 1342/2443/35 1343/1302/35
f 388/43/27 61/183/28 99/993/29
f 809/1961/13 807/731/13 772/730/13 771/1987/13
f 803/1792/13 772/730/13 805/729/13
f 9/2713/514 10/28/514 477/31/514 474/2714/514
f 1185/2715/1231 1191/2716/1231 1199/2717/1232 1193/2718/1232
f 1178/2719/1233 1176/2720/1233 1184/2721/1234 1186/2722/1234
f 1183/2723/1235 1182/2724/1235 1190/2725/1236 1191/2726/1236
f 1181/2727/1237 1180/2709/1237 1188/2712/1238 1189/2728/1238
f 1179/2729/1239 1178/2719/1239 1186/2722/1240 1187/2730/1240
f 1176/2731/1241 1177/2732/1241 1185/2715/1242 1184/2733/1242
f 1177/2732/1243 1183/2734/1243 1191/2716/1231 1185/2715/1231
f 1182/2724/1244 1181/2735/1244 1189/2736/1245 1190/2725/1245
f 1197/2737/1246 1196/2738/1246 1204/2739/1247 1205/2740/1247
f 1190/2725/1245 1189/2736/1245 1197/2741/1248 1198/2742/1248
f 1188/2712/1230 1187/2711/1230 1195/2743/1249 1196/2744/1249
f 1186/2722/1234 1184/2721/1234 1192/2745/1250 1194/2746/1250
f 1191/2726/1236 1190/2725/1236 1198/2742/1251 1199/2747/1251
f 1189/2728/1238 1188/2712/1238 1196/2744/1246 1197/2748/1246
f 1187/2730/1240 1186/2722/1240 1194/2746/1252 1195/2749/1252
f 1184/2733/1242 1185/2715/1242 1193/2718/1253 1192/2750/1253
f 1202/2751/115 1200/2752/115 1201/2753/115 1207/2754/115 1206/2755/115 1205/2740/115 1204/2739/115 1203/2756/115
f 1195/2757/1252 1194/2758/1252 1202/2751/1254 1203/2756/1254
f 1192/2759/1253 1193/2760/1253 1201/2753/1255 1200/2752/1255
f 1193/2760/1232 1199/2761/1232 1207/2754/1256 1201/2753/1256
f 1198/2742/1248 1197/2741/1248 1205/2762/1257 1206/2763/1257
f 1196/2738/1249 1195/2757/1249 1203/2756/1258 1204/2739/1258
f 1194/2758/1250 1192/2759/1250 1200/2752/1259 1202/2751/1259
f 1199/2747/1251 1198/2742/1251 1206/2763/1260 1207/2764/1260
f 1210/2765/1194 1250/2766/1195 1251/2767/1195 1211/2768/1194
f 1208/2769/1207 1249/2770/1261 1248/2771/1261 1209/2772/1207
f 1288/2773/1262 1329/2774/1263 1328/2775/1263 1289/2776/1262
f 1209/2777/1192 1248/2778/1193 1250/2766/1193 1210/2765/1192
f 1215/2779/1190 1255/2780/1191 1249/2770/1191 1208/2769/1190
f 1212/2621/640 1252/2620/641 1253/2781/641 1213/2782/640
f 1213/2783/1210 1253/2784/1264 1254/2630/1264 1214/2629/1210
f 580/1462/590 574/806/287 579/1379/593
f 1211/2618/1188 1212/2621/1188 1220/2785/1201 1219/2786/1201
f 1217/2787/1202 1218/2788/1202 1226/2789/1203 1225/2790/1203
f 1214/2629/1196 1215/2632/1196 1223/2791/1265 1222/2792/1265
f 1209/2777/1192 1210/2765/1192 1218/2788/1202 1217/2787/1202
f 1212/2621/640 1213/2782/640 1221/2793/1205 1220/2785/1205
f 1215/2779/1190 1208/2769/1190 1216/2794/1206 1223/2795/1206
f 1208/2769/1207 1209/2772/1207 1217/2796/1208 1216/2794/1208
f 1210/2765/1194 1211/2768/1194 1219/2797/1209 1218/2788/1209
f 1213/2783/1210 1214/2629/1210 1222/2792/1266 1221/2798/1266
f 1149/606/115 1157/609/115 1156/2471/115 1148/2470/115
f 1222/2792/1265 1223/2791/1265 1231/2799/1212 1230/2800/1212
f 1220/2785/1205 1221/2793/1205 1229/2801/1213 1228/2802/1213
f 1218/2788/1209 1219/2797/1209 1227/2803/1214 1226/2789/1214
f 1216/2794/1208 1217/2796/1208 1225/2804/1215 1224/2805/1215
f 1223/2795/1206 1216/2794/1206 1224/2805/1216 1231/2806/1216
f 1221/2798/1266 1222/2792/1266 1230/2800/1217 1229/2807/1217
f 1219/2786/1201 1220/2785/1201 1228/2802/1218 1227/2808/1218
f 1234/2809/1214 1235/2810/1214 1243/2811/1214 1242/2812/1214
f 1476/1612/685 1481/2548/1162 1487/1613/686
f 121/193/13 129/192/13 133/353/13
f 1391/2813/1267 1394/2814/1267 1395/1644/701 1396/1701/727
f 798/762/23 800/1908/23 773/763/23
f 1338/2347/35 1339/2395/35 1331/2396/35 1330/2348/35
f 1247/2815/1220 1240/2816/1220 1241/2817/1220 1242/2818/1220 1243/2819/1220 1244/2820/1220 1245/2821/1220 1246/2822/1220
f 1232/2823/1215 1233/2824/1215 1241/2825/1215 1240/2826/1215
f 1239/2827/1216 1232/2823/1216 1240/2826/1216 1247/2828/1216
f 1237/2829/1217 1238/2830/1217 1246/2831/1217 1245/2832/1217
f 1235/2833/1218 1236/2834/1218 1244/2835/1218 1243/2836/1218
f 1233/2837/1203 1234/2809/1203 1242/2812/1203 1241/2838/1203
f 1238/2830/1212 1239/2839/1212 1247/2840/1212 1246/2831/1212
f 1236/2834/1213 1237/2841/1213 1245/2842/1213 1244/2835/1213
f 638/1255/477 593/1258/480 618/1537/632 589/231/116 635/237/122
f 444/2843/437 442/1155/435 458/1156/436
f 446/2844/1268 444/1157/437 459/1159/438
f 440/1152/433 438/2845/430 456/1153/432
f 442/1155/435 440/1152/433 457/1154/434
f 1260/2846/1229 1259/2847/1229 1267/2848/1230 1268/2849/1230
f 37/761/23 369/760/23 379/2850/23 380/2851/23
f 538/94/1269 539/2852/1270 547/427/164 546/1261/481
f 473/1788/35 410/1787/35 411/2853/35 414/2854/35 475/2855/35
f 495/182/100 494/413/157 235/412/107 236/179/99
f 1265/2856/1231 1271/2857/1231 1279/2858/1232 1273/2859/1232
f 1258/2860/1233 1256/2861/1233 1264/2862/1234 1266/2863/1234
f 1263/2864/1235 1262/2865/1235 1270/2866/1236 1271/2867/1236
f 1261/2868/1237 1260/2846/1237 1268/2849/1238 1269/2869/1238
f 1259/2870/1239 1258/2860/1239 1266/2863/1240 1267/2871/1240
f 1256/2872/1241 1257/2873/1241 1265/2856/1242 1264/2874/1242
f 1257/2873/1243 1263/2875/1243 1271/2857/1231 1265/2856/1231
f 1262/2865/1244 1261/2876/1244 1269/2877/1245 1270/2866/1245
f 1277/2878/1246 1276/2879/1246 1284/2880/1247 1285/2881/1247
f 1270/2866/1245 1269/2877/1245 1277/2882/1248 1278/2883/1248
f 1268/2849/1230 1267/2848/1230 1275/2884/1249 1276/2885/1249
f 1266/2863/1234 1264/2862/1234 1272/2886/1250 1274/2887/1250
f 1271/2867/1236 1270/2866/1236 1278/2883/1251 1279/2888/1251
f 1269/2869/1238 1268/2849/1238 1276/2885/1246 1277/2889/1246
f 1267/2871/1240 1266/2863/1240 1274/2887/1252 1275/2890/1252
f 1264/2874/1242 1265/2856/1242 1273/2859/1253 1272/2891/1253
f 1286/2892/115 1285/2881/115 1284/2880/115 1283/2893/115 1282/2894/115 1280/2895/115 1281/2896/115 1287/2897/115
f 1275/2898/1252 1274/2899/1252 1282/2894/1254 1283/2893/1254
f 1272/2900/1253 1273/2901/1253 1281/2896/1255 1280/2895/1255
f 1273/2901/1232 1279/2902/1232 1287/2897/1256 1281/2896/1256
f 1278/2883/1248 1277/2882/1248 1285/2903/1257 1286/2904/1257
f 1276/2879/1249 1275/2898/1249 1283/2893/1258 1284/2880/1258
f 1274/2899/1250 1272/2900/1250 1280/2895/1259 1282/2894/1259
f 1279/2888/1251 1278/2883/1251 1286/2904/1260 1287/2905/1260
f 1291/2906/1271 1331/2907/1272 1332/2908/1272 1292/2909/1271
f 1292/2909/1273 1332/2908/1274 1333/2910/1274 1293/2911/1273
f 1294/2912/1275 1334/2913/1276 1335/2914/1276 1295/2915/1275
f 1133/2651/1210 1173/2916/1264 1174/2625/1264 1134/2624/1210
f 1290/2636/1277 1330/2635/1278 1331/2917/1278 1291/2918/1277
f 1295/2919/1279 1335/2920/1280 1329/2774/1280 1288/2773/1279
f 1293/2921/1281 1333/2922/1282 1334/2913/1282 1294/2912/1281
f 1128/2613/1207 1169/2612/1261 1168/2923/1261 1129/2648/1207
f 1291/2906/1271 1292/2909/1271 1300/2924/1283 1299/2925/1283
f 1297/2926/1284 1298/2927/1284 1306/2928/1285 1305/2929/1285
f 1294/2912/1275 1295/2915/1275 1303/2930/1286 1302/2931/1286
f 1289/2633/1199 1290/2636/1199 1298/2927/1284 1297/2926/1284
f 1292/2909/1273 1293/2911/1273 1301/2932/1287 1300/2924/1287
f 1295/2919/1279 1288/2773/1279 1296/2933/1288 1303/2934/1288
f 1288/2773/1262 1289/2776/1262 1297/2935/1289 1296/2933/1289
f 1290/2636/1277 1291/2918/1277 1299/2936/1290 1298/2927/1290
f 1293/2921/1281 1294/2912/1281 1302/2931/1291 1301/2937/1291
f 261/2938/16 258/801/16 216/1887/16 228/2939/16
f 1302/2931/1286 1303/2930/1286 1311/2940/1292 1310/2941/1292
f 1300/2924/1287 1301/2932/1287 1309/2942/1293 1308/2943/1293
f 1298/2927/1290 1299/2936/1290 1307/2944/1294 1306/2928/1294
f 1296/2933/1289 1297/2935/1289 1305/2945/1295 1304/2946/1295
f 1303/2934/1288 1296/2933/1288 1304/2946/1296 1311/2947/1296
f 1301/2937/1291 1302/2931/1291 1310/2941/1297 1309/2948/1297
f 1299/2925/1283 1300/2924/1283 1308/2943/1298 1307/2949/1298
f 1314/2950/1294 1315/2951/1294 1323/2952/1294 1322/2953/1294
f 1318/1320/35 1317/2954/35 1316/2955/35 1315/2956/35 1314/1321/35
f 821/459/167 834/461/169 634/1573/909 629/1273/490 677/2957/490 621/2958/490 548/385/144 822/1421/569
f 1440/2959/1299 1444/2960/1300 1445/2961/1300 1441/2962/1301
f 629/1273/490 594/1272/489 677/2957/490
f 666/499/13 549/498/13 542/2963/13 664/2964/13
f 1488/889/334 1461/2965/1302 1463/890/335
f 1327/2966/665 1320/2967/665 1321/2968/665 1322/2969/665 1323/2970/665 1324/2971/665 1325/2972/665 1326/2973/665
f 1312/2974/1295 1313/2975/1295 1321/2976/1295 1320/2977/1295
f 1319/2978/1296 1312/2974/1296 1320/2977/1296 1327/2979/1296
f 1317/2980/1297 1318/2981/1297 1326/2982/1297 1325/2983/1297
f 1315/2984/1298 1316/2985/1298 1324/2986/1298 1323/2987/1298
f 1313/2988/1285 1314/2950/1285 1322/2953/1285 1321/2989/1285
f 1318/2981/1292 1319/2990/1292 1327/2991/1292 1326/2982/1292
f 1316/2985/1293 1317/2992/1293 1325/2993/1293 1324/2986/1293
f 907/2121/949 908/2122/951 910/2143/967
f 434/2994/1303 432/1143/425 452/1145/427
f 446/2844/1304 459/1159/1305 448/1161/1306
f 448/2995/1307 460/2996/1308 450/1168/1309
f 1340/2997/1310 1339/2998/1310 1347/2999/1311 1348/3000/1311
f 841/3001/1312 595/3002/1312 646/1252/474 844/1251/473
f 385/201/103 48/200/103 282/2014/103 394/2015/35 395/3003/103
f 667/842/311 547/795/172 548/800/172 668/1637/699
f 692/2381/163 694/2344/1078 715/1761/1081
f 1310/3004/665 1311/1582/665 1305/1581/665 1306/3005/665 1307/3006/665 1308/3007/665 1309/3008/665
f 1345/3009/1313 1351/3010/1313 1359/3011/1314 1353/3012/1314
f 1338/3013/1315 1336/3014/1315 1344/3015/1316 1346/3016/1316
f 1343/3017/1317 1342/3018/1317 1350/3019/1318 1351/3020/1318
f 1341/3021/1319 1340/2997/1319 1348/3000/1320 1349/3022/1320
f 1339/3023/1321 1338/3013/1321 1346/3016/1322 1347/3024/1322
f 1336/3025/1323 1337/3026/1323 1345/3009/1324 1344/3027/1324
f 1337/3026/1325 1343/3028/1325 1351/3010/1313 1345/3009/1313
f 1342/3018/1326 1341/3029/1326 1349/3030/1327 1350/3019/1327
f 1357/3031/1328 1356/3032/1328 1364/3033/1329 1365/3034/1329
f 1350/3019/1327 1349/3030/1327 1357/3035/1330 1358/3036/1330
f 1348/3000/1311 1347/2999/1311 1355/3037/1331 1356/3038/1331
f 1346/3016/1316 1344/3015/1316 1352/3039/1332 1354/3040/1332
f 1351/3020/1318 1350/3019/1318 1358/3036/1333 1359/3041/1333
f 1349/3022/1320 1348/3000/1320 1356/3038/1328 1357/3042/1328
f 1347/3024/1322 1346/3016/1322 1354/3040/1334 1355/3043/1334
f 1344/3027/1324 1345/3009/1324 1353/3012/1335 1352/3044/1335
f 1362/3045/35 1360/3046/35 1361/3047/35 1367/3048/35 1366/3049/35 1365/3034/35 1364/3033/35 1363/3050/35
f 1355/3051/1334 1354/3052/1334 1362/3045/1336 1363/3050/1336
f 1352/3053/1335 1353/3054/1335 1361/3047/1337 1360/3046/1337
f 1353/3054/1314 1359/3055/1314 1367/3048/1338 1361/3047/1338
f 1358/3056/1330 1357/3031/1330 1365/3034/1339 1366/3049/1339
f 1356/3032/1331 1355/3051/1331 1363/3050/1340 1364/3033/1340
f 1354/3052/1332 1352/3053/1332 1360/3046/1341 1362/3045/1341
f 1359/3055/1333 1358/3056/1333 1366/3049/1342 1367/3048/1342
f 38/50/69 65/278/251 103/708/250 104/118/70
f 684/293/129 686/2429/129 703/2428/129 699/291/128
f 167/296/132 271/42/26 179/457/166
f 1369/3057/1343 1368/3058/1344 1372/3059/1345 1373/3060/1346
f 1377/3061/1347 1375/3062/1348 1376/3063/1349 1379/3064/1350
f 1379/3064/1350 1376/3063/1349 1374/3065/1351 1378/3066/1352
f 1416/3067/1353 1413/3068/1354 1437/2464/1119
f 663/3069/13 664/2964/13 542/2963/13 668/3070/13
f 1371/3071/1355 1370/3072/1356 1378/3073/1352 1374/3074/1351
f 1432/3075/59 1431/3076/59 1426/3077/59 1427/3078/59
f 1380/3079/1357 1383/3080/1357 1382/3081/1358 1381/3082/1359
f 1380/3083/1360 1375/3062/1348 1377/3061/1347 1383/3084/1360
f 1368/3058/1344 1369/3057/1343 1381/3085/1359 1382/3086/1358
f 1451/3087/1361 1440/2959/1299 1441/2962/1301 1448/3088/1362
f 23/3089/665 14/3090/665 12/3091/665
f 1373/3092/1346 1372/3093/1345 1387/3094/1363 1386/3095/1363
f 897/2141/963 889/2140/962 880/2150/973
f 1384/3096/1364 1385/3097/1364 1386/3095/1364 1387/3094/1364
f 1419/3098/1347 1421/3099/1350 1418/3100/1349 1417/3101/1348
f 829/1253/475 830/235/120 832/1442/582
f 1421/3099/1350 1420/3102/1352 1416/3103/1351 1418/3100/1349
f 1411/3104/1343 1415/3105/1346 1414/3106/1345 1400/3107/1344
f 229/1176/16 218/451/16 209/454/16 185/3108/16
f 1392/3109/1365 1395/3110/1366 1394/683/1367 1393/682/1367
f 265/3111/1368 224/1187/453 220/802/284 223/3112/1368
f 256/953/124 219/3113/544 213/3114/544 214/954/99
f 1371/3071/1355 1395/3110/1366 1392/3109/1365 1370/3072/1356
f 675/3115/1369 530/3116/1369 539/2852/1270 672/1824/799 674/1174/448
f 1078/1435/579 1067/2492/580 1060/1436/580
f 1404/3117/1370 1406/3118/1370 1405/3119/1370 1403/3120/1370
f 845/1256/1371 638/1255/663 644/1587/1372 846/1586/1371
f 1402/3121/1373 1401/3122/1373 1405/3123/1373 1406/3124/1373
f 1399/3125/1374 1402/3126/1374 1406/3127/1374 1404/3128/1374
f 1401/3129/1375 1398/3130/1375 1403/3131/1375 1405/3132/1375
f 1409/3133/1376 1408/3134/1377 1407/2011/889 1410/2010/888
f 638/1255/663 637/1579/662 644/1587/1372
f 1396/1701/1378 1397/754/1378 1408/3134/1377 1409/3133/1376
f 1408/3135/1379 1397/3136/1379 1388/3137/1379 1399/3138/1379 1407/3139/1379
f 1398/3140/1380 1391/3141/1380 1396/3142/1380 1409/3143/1380 1410/3144/1380
f 904/2146/970 905/1432/578 903/2088/965
f 1086/3145/270 1090/3146/270 1084/3147/270 1078/1435/579 1050/1434/579 1114/2571/1175 1116/2570/1174
f 1413/3148/1355 1416/3149/1351 1420/3150/1352 1412/3151/1356
f 964/3152/912 961/2217/1020 963/2219/955
f 1422/3153/1357 1423/3154/1359 1424/3155/1358 1425/3156/1357
f 1422/3157/1360 1425/3158/1360 1419/3098/1347 1417/3101/1348
f 1400/3107/1344 1424/3159/1358 1423/3160/1359 1411/3104/1343
f 1125/3161/1381 1115/3162/1382 1112/3163/1383
f 1526/3164/1384 1523/3165/1384 314/3166/1384 321/3167/1384 322/3168/1384
f 1415/3169/1346 1428/3170/1363 1429/3171/1363 1414/3172/1345
f 619/2526/1147 620/1837/933 612/3173/1385 613/3174/1385 611/3175/1385
f 1426/3176/1364 1429/3171/1364 1428/3170/1364 1427/3177/1364
f 834/461/169 833/460/168 622/808/289
f 1434/3178/1365 1435/2410/1367 1436/2412/1367 1437/3179/1366
f 538/94/1269 534/1172/446 672/1824/799 539/2852/1270
f 251/3180/16 242/163/16 234/162/16 241/3181/16
f 1413/3148/1355 1412/3151/1356 1434/3178/1365 1437/3179/1366
f 14/34/18 22/3182/1386 19/1445/1387 1/1/19
f 477/1801/35 475/2855/35 414/2854/35 415/1802/35
f 1445/3183/1370 1444/3184/1370 1446/3185/1370 1447/3186/1370
f 960/3187/929 959/2189/931 935/2191/1010 944/660/975
f 1443/3188/1388 1447/3189/1388 1446/3190/1388 1442/3191/1388
f 1441/3192/1389 1445/3193/1389 1447/3194/1389 1443/3195/1389
f 1442/3196/1390 1446/3197/1390 1444/3198/1390 1440/3199/1390
f 1450/3200/1391 1451/3087/1361 1448/3088/1362 1449/3201/1392
f 671/2358/1086 624/3202/1086 623/2356/1084
f 1438/2280/1393 1450/3200/1391 1449/3201/1392 1439/2314/1393
f 1449/3203/1394 1448/3204/1394 1441/3205/1394 1430/3206/1394 1439/3207/1394
f 1440/3208/1395 1451/3209/1395 1450/3210/1395 1438/3211/1395 1433/3212/1395
f 1452/1611/684 1453/1610/683 1455/3213/1396 1454/3214/1397
f 1454/3215/1398 1455/3216/1399 1457/3217/1399 1456/3218/1398
f 1456/3218/1400 1457/3217/1401 1459/3219/1401 1458/3220/1400
f 1458/3221/1402 1459/3222/1403 1461/744/266 1460/747/269
f 1095/640/217 1102/2390/1104 1100/2389/1103 1093/617/211
f 280/3223/1404 395/52/32 394/2704/1221 281/2703/1221
f 1463/3224/1405 1461/744/1405 1472/3225/1405 1473/3226/1405
f 1452/2055/924 1466/1767/769 1480/2056/925
f 831/1998/879 565/234/119 571/233/118
f 1460/2137/960 1452/2055/924 1454/3227/1406 1456/3228/1406 1458/3229/1406
f 1472/3230/13 1471/3231/13 1470/3232/13 1468/3233/13 1469/3234/13 1475/3235/13 1474/3236/13 1473/3237/13
f 1453/1610/1407 1467/3238/1407 1475/3239/1407 1469/3240/1407
f 1455/3213/1396 1453/1610/683 1469/3240/1408 1468/3241/1408
f 1459/3219/1401 1457/3217/1401 1470/3242/1409 1471/3243/1409
f 1465/3244/1410 1463/3245/1410 1473/3246/1410 1474/3247/1410
f 1461/744/266 1459/3222/1403 1471/3248/1411 1472/3225/1411
f 1467/3249/1412 1465/3244/1412 1474/3247/1412 1475/3250/1412
f 1457/3217/1399 1455/3216/1399 1468/3251/1413 1470/3242/1413
f 194/3252/23 192/2654/113 156/2653/114 158/3253/23
f 1479/3254/1066 1478/2506/1139 1483/2274/1047
f 1480/3255/1414 1479/2306/1066 1484/2305/1065
f 1466/1767/769 1464/1766/768 1479/3254/1415 1480/2056/925
f 1464/1766/768 1462/1768/770 1478/2506/1416 1479/3254/1415
f 488/3256/665 482/3257/665 23/3089/665 12/3091/665 10/2323/665 487/2322/665
f 1462/1768/770 1460/2137/960 1477/2507/1417 1478/2506/1416
f 963/2222/955 939/2221/486 945/3258/488
f 6/2044/911 526/3259/1418 528/1360/531
f 244/1041/124 239/3260/544 247/3261/544 248/1042/99
f 1482/1027/1048 1489/1028/1419 1490/3262/1049
f 834/461/169 622/808/289 566/2036/908
f 1484/2278/1420 1483/2274/1047 1490/2276/1049 1492/3263/1420
f 1477/2507/1140 1482/2275/1048 1483/2274/1047
f 195/429/29 207/54/34 271/42/26
f 194/3264/16 158/3265/16 157/463/16 193/1783/16
f 86/135/82 38/3266/69 33/136/83
f 1480/3267/1051 1485/3268/1050 1481/2548/1421
f 1489/3269/1422 1488/3270/1422 1491/3271/1423 1490/3272/1424
f 1490/3272/1424 1491/3271/1423 1493/2575/1177 1492/2574/1176
f 617/1536/631 608/1550/616 589/231/116 618/1537/632
f 566/2036/908 622/808/289 572/807/288
f 262/1687/721 266/3273/1425 24/3274/1425 374/3275/1426
f 162/3276/16 210/3277/16 209/454/16 161/453/16
f 14/34/18 23/2071/1427 21/2070/1427 22/3182/1386
f 1481/2548/1421 1485/3268/1050 1494/3278/1428 1486/2549/1429
f 1125/3161/1381 1112/3163/1383 1124/3279/1430
f 1485/2277/1050 1484/2278/1052 1492/3263/1431 1494/3280/1428
f 501/3281/35 503/3282/35 1496/3283/35 1495/3284/35
f 503/3282/35 505/3285/35 1497/3286/35 1496/3283/35
f 505/3285/35 507/3287/35 1498/3288/35 1497/3286/35
f 507/3287/35 509/3289/35 1499/3290/35 1498/3288/35
f 509/3289/35 511/3291/35 1500/3292/35 1499/3290/35
f 511/3291/35 513/3293/35 1501/3294/35 1500/3292/35
f 513/3293/35 515/3295/35 1502/3296/35 1501/3294/35
f 515/3295/35 517/3297/35 1503/3298/35 1502/3296/35
f 519/3299/35 501/3281/35 1495/3284/35 1504/3300/35
f 517/3297/35 519/3299/35 1504/3300/35 1503/3298/35
f 468/1347/523 467/3301/1432 510/3302/1433 512/1348/524
f 467/3301/1432 466/3303/1434 508/3304/1434 510/3302/1433
f 465/3305/1435 506/3306/1435 1511/3307/1435
f 465/3308/1436 464/3309/1436 504/3310/1436 506/3311/1436
f 462/3312/1437 502/3313/1438 1509/3314/1439
f 462/3315/1440 463/3316/1441 500/3317/1442 502/3318/1440
f 471/3319/1443 518/3320/1444 500/3317/1442 463/3316/1441
f 471/3319/1443 470/1354/527 516/1355/528 518/3320/1444
f 1508/3321/1445 1507/3322/1445 1511/3323/1445 1512/3324/1445
f 1506/3325/1446 1505/3326/1446 1509/3327/1446 1510/3328/1446
f 508/1333/1447 1512/3329/1447 1511/3330/1447
f 462/3331/1448 1505/3332/1449 1506/3333/1450
f 464/3334/1451 1506/3335/1452 1510/3336/1453
f 466/3337/1454 1508/3338/1455 1512/3339/1456
f 466/3340/457 465/1205/468 1507/3341/1457
f 502/1326/513 504/1329/515 1510/3342/1458
f 337/886/331 350/850/312 349/3343/1459
f 347/851/313 336/887/332 334/3344/1460
f 361/3345/1461 333/3346/1462 349/3343/1459
f 334/3344/1460 359/3347/1463 348/3348/1464
f 349/3343/1459 348/3348/1464 353/925/348 351/924/347
f 348/3348/1464 359/3347/1463 364/3349/1465
f 361/3345/1461 349/3343/1459 351/924/347
f 442/1155/435 444/2843/437 1519/3350/1466 1518/3351/1466
f 440/1152/433 442/1155/435 1518/3351/1467 1517/3352/1467
f 438/2845/430 440/1152/433 1517/3352/1468 1516/3353/1468
f 432/1143/425 434/2994/1303 1514/3354/1469 1513/3355/1469
f 436/1148/1225 438/1150/1227 1516/3356/1470 1515/3357/1470
f 434/2707/1222 436/1148/1224 1515/3357/1471 1514/3358/1471
f 450/1168/444 432/1143/425 1513/3355/1472 1522/3359/1472
f 446/2844/1304 448/1161/1306 1521/3360/1473 1520/3361/1473
f 448/2995/1307 450/1168/1309 1522/3359/1474 1521/3362/1474
f 444/1157/437 446/2844/1268 1520/3361/1475 1519/3363/1475
f 315/3364/1476 316/3365/1477 1523/3366/1478
f 316/3365/1477 318/3367/1479 1524/3368/1480
f 317/3369/1481 315/3364/1481 1526/3370/1481
f 318/3367/1482 317/3369/1482 1525/3371/1482
f 315/3364/1483 317/3369/1483 1527/3372/1483
f 317/3369/1484 318/3367/1484 1527/3372/1484
f 318/3367/1485 316/3365/1485 1527/3372/1485
f 316/3365/1486 315/3364/1486 1527/3372/1486
f 1525/710/1487 317/3373/1487 1526/711/1487
f 1526/3370/1488 315/3364/1476 1523/3366/1478
f 1524/3368/1480 318/3367/1479 1525/3371/1489
f 1523/3366/1478 316/3365/1477 1524/3368/1480
f 1549/3374/35 1538/3375/35 1573/3376/35 1562/3377/35
f 1548/3378/665 1563/3379/665 1575/3380/665 1537/3381/665
f 1563/3382/16 1562/3383/16 1573/3384/16 1575/3385/16
f 1545/3386/35 1534/3387/35 1574/3388/35 1560/3389/35
f 1539/3390/665 1550/3391/665 1559/3392/665 1572/3393/665
f 1559/3394/16 1560/3395/16 1574/3396/16 1572/3397/16
f 1547/3398/35 1536/3399/35 1570/3400/35 1556/3401/35
f 1535/3402/665 1546/3403/665 1561/3404/665 1571/3405/665
f 1561/3406/16 1556/3407/16 1570/3408/16 1571/3409/16
f 1542/3410/35 1531/3411/35 1567/3412/35 1558/3413/35
f 1530/3414/665 1551/3415/665 1557/3416/665 1569/3417/665
f 1557/3418/16 1558/3419/16 1567/3420/16 1569/3421/16
f 1544/3422/35 1533/3423/35 1566/3424/35 1554/3425/35
f 1532/3426/665 1543/3427/665 1555/3428/665 1568/3429/665
f 1555/3430/16 1554/3431/16 1566/3432/16 1568/3433/16
f 1553/3434/35 1541/3435/35 1528/3436/35 1565/3437/35
f 1529/3438/665 1540/3439/665 1552/3440/665 1564/3441/665
f 1552/3442/16 1553/3443/16 1565/3444/16 1564/3445/16
f 360/3446/1490 361/3345/1461 351/924/347
f 353/925/348 348/3348/1464 364/3349/1465
f 348/3348/1464 347/851/313 334/3344/1460
f 333/3346/1462 337/886/331 349/3343/1459
f 1509/3447/1491 502/1326/1491 1510/3342/1491
f 1508/3448/1492 466/3340/457 1507/3341/1457
f 508/3304/1493 466/3303/1454 1512/3449/1456
f 504/3450/1494 464/3334/1451 1510/3336/1453
f 464/3451/633 462/3331/1448 1506/3333/1450
f 506/1331/516 508/1333/518 1511/3330/1495
f 1505/3452/1496 462/3453/1437 1509/3454/1439
f 1507/3455/1497 465/3305/1497 1511/3307/1497
f 372/1688/722 262/1687/721 374/3275/1426
f 1418/3456/1498 1416/3067/1353 1437/2464/1119 1438/2280/1054 1423/2279/1053 1422/3457/1498 1417/3458/1498
f 40/209/110 121/193/109 133/353/1110
f 280/3223/1404 29/1727/740 395/52/32
f 1396/1701/727 1395/1644/701 1374/1646/703 1376/3459/1499 1375/3460/1499 1380/3461/1499 1381/1699/725
f 28/3462/1500 279/681/242 35/1599/679
f 462/3331/1448 464/3451/633 435/3463/635
f 435/3464/1501 433/1199/469 462/1207/471
f 466/3340/457 441/1204/456 465/1205/468
f 469/1164/442 447/1163/441 468/3465/467
f 463/1206/1502 433/1199/465 471/1201/466
f 465/1205/468 439/1196/462 464/1198/464
f 468/1203/467 445/1194/460 467/1195/461
f 471/3466/466 451/1192/458 470/1193/459
f 467/1195/461 443/1189/455 466/1191/457
f 470/1193/459 449/1162/440 469/1164/442
f 373/1686/720 375/120/71 165/123/73
f 743/3467/1503 744/3468/1503 741/3469/1503 1563/3470/1503 1548/3471/1503
f 206/3472/16 205/1782/16 185/3108/16 186/3473/16
f 252/1177/16 229/1176/16 185/3108/16 205/1782/16
f 746/3474/1504 1537/3475/1504 1575/3476/1505 742/3477/1506 745/3478/1504
f 1559/3479/1503 1550/3480/1503 1549/3481/1503 1562/3482/1503
f 736/1829/802 1553/3483/1503 1552/3484/1503
f 735/1828/801 1541/3485/1503 1553/3483/1503 736/1829/802
f 736/1829/802 1552/3484/1503 1554/3486/1503
f 1562/3482/1503 1563/3470/1503 741/3469/1503
f 1561/3487/1503 1546/3488/1503 1545/3489/1503 1560/3490/1503
f 739/1832/805 738/1831/804 1565/3491/1507 1528/3492/1508
f 1540/3493/1503 1544/3494/1503 1554/3486/1503 1552/3484/1503
f 1535/3495/1509 1571/3496/1510 1574/3497/1510 1534/3498/1509
f 736/1829/802 1554/3486/1503 1555/3499/1503
f 736/1829/802 1555/3499/1503 1558/3500/1503
f 1559/3479/1503 1562/3482/1503 741/3469/1503
f 1551/3501/1503 1547/3502/1503 1556/3503/1503 1557/3504/1503
f 1560/3490/1503 1559/3479/1503 741/3469/1503
f 736/1829/802 1558/3500/1503 1557/3504/1503
f 1543/3505/1503 1542/3506/1503 1558/3500/1503 1555/3499/1503
f 736/1829/802 1557/3504/1503 1556/3503/1503
f 1539/3507/1511 1572/3508/1512 1573/3509/1513 1538/3510/1511
f 1561/3487/1503 1560/3490/1503 741/3469/1503
f 736/1829/802 1556/3503/1503 1561/3487/1503 741/3469/1503
f 1564/3511/1514 1565/3491/1507 738/1831/804
f 1573/3509/1513 1572/3508/1512 742/3477/1506 1575/3476/1505
f 1574/3497/1510 742/3477/1506 1572/3508/1512
f 1530/3512/1515 1569/3513/1516 1570/3514/1516 1536/3515/1515
f 742/3477/1506 1574/3497/1510 1571/3496/1510
f 1532/3516/1517 1568/1880/818 1567/1879/818 1531/3517/1517
f 1566/3518/1514 1564/3511/1514 738/1831/804
f 1529/3519/1518 1564/3511/1514 1566/3518/1514 1533/3520/1518
f 1568/1880/818 1566/3518/1514 738/1831/804
f 1570/3514/1516 1569/3513/1516 738/1831/804
f 1569/3513/1516 1567/1879/818 738/1831/804
f 1571/3496/1510 1570/3514/1516 738/1831/804 742/3477/1506
f 1576/3521/1519 1577/3522/1519 1578/3523/1519
f 1579/3524/1520 1580/3525/1520 1581/3526/1520
f 1582/3527/1521 1583/3528/1521 1584/3529/1521
f 1585/3530/1522 1586/3531/1522 1587/3532/1522
f 1582/3533/1523 1586/3534/1523 1585/3535/1523 1583/3536/1523
f 1576/3537/1524 1580/3538/1524 1579/3539/1524 1577/3540/1524
f 738/1831/1525 740/1833/1121 733/2476/1120 1576/3537/1525 1578/3541/1525 742/3477/1525
f 745/1844/35 742/3542/35 1578/3543/35 1577/3544/35 1585/3545/35 1587/3546/35 741/3547/35 744/1845/35
f 1580/3538/1526 1576/3537/1526 733/2476/1120 734/829/305 732/828/304
f 1577/3544/35 1579/3548/35 1583/3549/35 1585/3545/35
f 732/1386/542 670/1385/541 673/3550/1527 1581/3526/1527 1580/3525/1527
f 1584/3551/35 1583/3549/35 1579/3548/35 1581/3552/35 673/3553/35 531/3554/35 530/3555/35 675/3556/35
f 729/1822/1528 1586/3534/1528 1582/3533/1528 730/1823/1528
f 1582/3527/1529 1584/3529/1529 675/3557/1529 674/3558/1529 730/3559/1529
f 741/3469/1530 1587/3560/1530 1586/3534/1530 729/1822/812 736/1829/814
f 1588/3561/1531 1589/3562/1532 1590/3563/1533 1591/3564/1534
f 1592/3565/1535 1593/3566/1536 1594/3567/1537
f 1603/3568/1538 1604/3569/1539 1605/3570/1540
f 1606/3571/1541 1607/3572/1542 1608/3573/1543
f 1610/3574/1544 1611/3575/1545 1612/3576/1546 1609/3577/1547
f 1596/3578/1548 1597/3579/1549 1598/3580/1550 1595/3581/1551
f 1603/3582/1538 1610/3583/1544 1609/3584/1547 1604/3585/1539
f 1611/3575/1545 1613/3586/1552 1614/3587/1553 1612/3576/1546
f 1597/3579/1549 1599/3588/1554 1600/3589/1555 1598/3580/1550
f 1588/3590/1531 1596/3591/1548 1595/3592/1551 1589/3593/1532
f 1613/3586/1552 1615/3594/1556 1616/3595/1556 1614/3587/1553
f 1606/3596/1541 1616/3597/1557 1615/3598/1558 1607/3599/1542
f 1599/3588/1554 1601/3600/1559 1602/3601/1559 1600/3589/1555
f 1592/3602/1535 1602/3603/1560 1601/3604/1561 1593/3605/1536
f 973/3606/1562 974/3607/1562 1591/3608/1562 1590/3609/1533 967/3610/1563
f 1589/3562/1532 1595/3581/1551 972/3611/1564
f 1596/3612/1548 1588/3613/1531 981/3614/1565
f 967/3615/1563 1590/3563/1533 1589/3562/1532 972/3611/1564
f 1588/3613/1531 1591/3616/1566 974/3617/1566 981/3614/1565
f 968/3618/1567 1592/3619/1567 1594/3620/1567 976/3621/1567 975/3622/1567
f 976/3623/1568 1594/3624/1568 1593/3625/1569 977/3626/1570
f 1593/3625/1569 1601/3627/1571 977/3626/1570
f 969/3628/1572 1602/3601/1560 1592/3629/1535 968/3630/1573
f 1598/3580/1574 970/3631/1575 971/3632/1576 972/3611/1576 1595/3581/1576
f 1597/3633/1577 1596/3612/1548 981/3614/1565 980/3634/1578
f 1602/3601/1560 969/3628/1572 970/3631/1575 1598/3580/1574 1600/3589/1579
f 1599/3635/1580 1597/3633/1577 979/3636/1581 978/3637/1582
f 979/3636/1581 1597/3633/1577 980/3634/1578
f 1601/3627/1571 1599/3635/1580 978/3637/1582 977/3626/1570
f 990/3638/1583 984/3639/1584 1603/3640/1538 1605/3641/1583 991/3642/1583
f 1603/3643/1538 984/3644/1584 1610/3574/1544
f 1609/3645/1547 998/3646/1585 1604/3647/1539
f 998/3646/1585 991/3648/1586 1605/3649/1586 1604/3647/1539
f 985/3650/1587 992/3651/1587 993/3652/1587 1608/3653/1587 1607/3654/1587
f 986/3655/1588 985/3656/1589 1607/3657/1542 1615/3594/1558
f 1616/3658/1590 1606/3659/1591 994/3660/1592
f 1606/3659/1591 1608/3661/1593 993/3662/1593 994/3660/1592
f 984/3644/1584 989/3663/1594 1610/3574/1544
f 989/3663/1594 988/3664/1595 987/3665/1596 1611/3575/1597 1610/3574/1544
f 1609/3645/1547 1612/3666/1598 997/3667/1599 998/3646/1585
f 1612/3666/1598 996/3668/1600 997/3667/1599
f 1614/3669/1601 995/3670/1602 996/3668/1600 1612/3666/1598
f 1615/3594/1558 1613/3586/1603 1611/3575/1597 987/3665/1596 986/3655/1588
f 1616/3658/1590 994/3660/1592 995/3670/1602 1614/3669/1601
f 1662/3671/1604 1666/3672/1605 1665/3673/1605 1661/3674/1606
f 1642/3675/1607 1645/3676/1608 1646/3677/1609 1641/3678/1610
f 1650/3679/1611 1653/3680/1612 1654/3681/1613 1649/3682/1614
f 1658/3683/1615 1662/3684/1604 1661/3685/1606 1657/3686/1615
f 1626/3687/1616 1629/3688/1617 1630/3689/1618 1625/3690/1619
f 1634/3691/1620 1637/3692/1621 1638/3693/1622 1633/3694/1623
f 1664/3695/1624 1668/3696/1625 1667/3697/1625 1663/3698/1626
f 1644/3699/1627 1647/3700/1628 1648/3701/1629 1643/3702/1630
f 1652/3703/1631 1656/3704/1632 1655/3705/1633 1651/3706/1634
f 1660/3707/1635 1664/3708/1624 1663/3709/1626 1659/3710/1635
f 1628/3711/1636 1631/3712/1637 1632/3713/1638 1627/3714/1639
f 1636/3715/1640 1639/3716/1641 1640/3717/1642 1635/3718/1643
f 1617/3719/1644 1621/3720/1644 1622/3721/1645 1618/3722/1646
f 1620/3723/1647 1623/3724/1648 1624/3725/1648 1619/3726/1649
f 1637/3727/1621 1642/3675/1607 1641/3678/1610 1638/3728/1622
f 1645/3676/1608 1650/3679/1611 1649/3682/1614 1646/3677/1609
f 1653/3680/1612 1658/3683/1650 1657/3686/1650 1654/3681/1613
f 1621/3729/1651 1626/3687/1616 1625/3690/1619 1622/3730/1651
f 1629/3688/1617 1634/3731/1620 1633/3732/1623 1630/3689/1618
f 1647/3700/1628 1652/3703/1631 1651/3706/1634 1648/3701/1629
f 1639/3716/1641 1644/3699/1627 1643/3702/1630 1640/3717/1642
f 1631/3712/1637 1636/3715/1640 1635/3718/1643 1632/3713/1638
f 1656/3704/1632 1660/3707/1652 1659/3710/1652 1655/3705/1633
f 1623/3724/1653 1628/3711/1636 1627/3714/1639 1624/3725/1653
f 1025/2355/13 1621/3729/13 1617/3733/13 1040/3734/13 1032/1004/13
f 1044/3735/13 1040/3734/13 1617/3733/13 1671/3736/13 1043/3737/13
f 1620/3738/1647 1618/3722/1646 1622/3721/1645 1623/3739/1654
f 1041/3740/23 1042/3741/23 1669/3742/23 1619/3726/23 1027/261/23 1039/3743/23
f 1027/261/23 1619/3726/23 1624/3725/23 1006/3744/23 1026/500/23
f 1623/3745/1655 1622/3746/1655 1625/3747/1656 1628/3748/1656
f 1626/3687/13 1621/3729/13 1025/2355/13 1005/3749/13
f 1627/3714/23 1008/3750/23 1006/3744/23 1624/3725/23
f 1626/3687/13 1005/3749/13 1007/3751/13
f 1628/3748/1656 1625/3747/1656 1630/3752/1657 1631/3753/1657
f 1626/3687/13 1007/3751/13 1009/3754/13 1629/3688/13
f 1010/3755/23 1008/3750/23 1627/3714/23 1632/3713/23
f 1631/3756/1658 1630/3757/1658 1633/3694/1659 1636/3758/1659
f 1629/3688/13 1009/3754/13 1011/3759/13 1634/3731/13
f 1632/3713/23 1635/3718/23 1012/3760/23 1010/3755/23
f 1636/3758/1659 1633/3694/1659 1638/3693/1660 1639/3761/1660
f 1634/3731/13 1011/3759/13 1013/3762/13 1637/3727/13
f 1012/3760/23 1635/3718/23 1640/3717/23 1014/3763/23
f 1013/3762/13 1015/3764/13 1642/3675/13 1637/3727/13
f 1639/3761/1660 1638/3693/1660 1641/3765/1661 1644/3766/1661
f 1016/3767/23 1014/3763/23 1640/3717/23 1643/3702/23
f 1642/3675/13 1015/3764/13 1017/3768/13 1645/3676/13
f 1644/3766/1661 1641/3765/1661 1646/3769/1662 1647/3770/1662
f 1016/3767/23 1643/3702/23 1648/3701/23 1018/3771/23
f 1645/3676/13 1017/3768/13 1019/3772/13 1650/3679/13
f 1647/3773/1662 1646/3774/1662 1649/3775/1663 1652/3776/1663
f 1020/3777/23 1018/3771/23 1648/3701/23 1651/3706/23
f 1653/3680/13 1650/3679/13 1019/3772/13 1021/3778/13 1658/3683/13
f 1652/3776/1663 1649/3775/1663 1654/3779/1664 1656/3780/1664
f 1022/3781/23 1020/3777/23 1651/3706/23 1655/3705/23 1659/3710/23
f 1656/3780/1664 1654/3779/1664 1657/3782/1665 1660/3783/1665
f 1021/3778/13 1023/3784/13 1658/3683/13
f 1023/3784/13 1035/3785/13 1662/3684/13 1658/3683/13
f 1660/3786/1666 1657/3787/1666 1661/3674/1667 1664/3695/1667
f 1024/3788/23 1022/3781/23 1659/3710/23
f 1036/3789/23 1024/3788/23 1659/3710/23 1663/3709/23
f 1038/3790/13 1666/3791/13 1662/3684/13 1035/3785/13 1033/1005/13 1032/1004/13
f 1664/3695/1667 1661/3674/1667 1665/3673/1668 1668/3696/1668
f 1667/3792/23 1037/3793/23 1027/261/23 1034/263/23 1036/3789/23 1663/3709/23
f 1665/3794/1669 1666/3795/1669 1038/3796/1669 1037/3797/1669 1667/3798/1669 1668/3799/1669
f 1002/3800/1670 1670/3801/1670 1669/3802/1670 1042/3803/1670 1046/3804/1670
f 1671/3805/1671 1672/3806/1671 1001/3807/1671 1047/3808/1671 1043/3809/1671
f 1673/3810/1672 1674/3811/1673 1675/3812/1674
f 1676/3813/1675 1677/3814/1676 1678/3815/1677
f 1673/3810/1672 1677/3814/1678 1676/3813/1679 1674/3811/1673
f 1673/3816/1680 1670/3816/1680 1002/1438/30 1001/1437/30 1672/3817/1681 1677/3817/1681
f 1673/3816/1680 1675/3818/1682 1669/3819/1682 1670/3816/1680
f 1619/3820/1649 1669/3821/1683 1675/3812/1674 1674/3811/1673 1620/3738/1647
f 1676/3813/1679 1618/3722/1646 1620/3738/1647 1674/3811/1673
f 1618/3822/1684 1676/3823/1675 1678/3824/1677 1671/3736/1684 1617/3733/1684
f 1671/3825/1685 1678/3826/1685 1677/3817/1681 1672/3817/1681
